id,brand_name,japanese_brand_name
1,±0, プラスマイナスゼロ
2,0000 by n゜44 A.C.C.,ゼロゼロゼロゼロバイナンバー44エーシーシー
3,0044 paris, ゼロゼロヨンヨン・パリ
4,02DERIV., ツーディライブ
5,941, オーナインフォーワン
6,10Deep, テンディープ
7,15jyugo, ジューゴ
8,18th Amendment, エイティーンス・アメンドメント
9,1984, ナインティーンエイティフォー
10,1LDK SELECT, ワンエルディーケー・セレクト
11,1 Percent, イチパーセント
12,"20,000,000 fragments", トゥエンティーミリオンフラッグメンツ
13,21_21 DESIGN SIGHT, トゥーワン・トゥーワン・デザインサイト
14,291295=HOMME, ニーキュウイチニーキュウゴー・オム
15,2e/yuki.o, ニイーユキオー
16,2K by Gingham, ツー・ケイ・バイ・ギンガム
17,2plus-alpha, ツープラスアルファ
18,2-tacs, ツータックス
19,3.1 Phillip Lim,?スリーワン・フィリップ・リム
20,31 Sons de mode, トランテアン ソン ドゥ モード
21,3 Suisses,?トロワシュイス
22,430, フォーサーティ
23,4TH, フォース
24,501, ゴーマルイチ
25,5&10CARTEL, ファイブアンドテンカルテル
26,5351 POUR LES FEMMES, ゴーサンゴーイチプーラファム
27,5351 POUR LES HOMMES, ゴーサンゴーイチプールオム
28,555SOUL, トリプルファイブソウル
29,55DSL, フィフティーファイブディーエスエル
30,57FAKE, フィフティセブンフェイク
31,666, シックスシックスシックス
32,68&brothers, シックスティエイトアンドブラザーズ
33,76, セブンティシックス
34,7 For All Mankind, セブンフォーオールマンカインド
35,7Union, セブンユニオン
36,81LDK, ハイエルディーケー
37,8iGHT, エイト
38,+8PARIS ROCK, プラスエイトパリスロック
39,999.9, フォーナインズ
40,A ,?エィス
41,A BATHING APE ,?ア・ベイシング・エイプ
42,Abercrombie & Fitch ,?アバクロンビーアンドフィッチ
43,ABAHOUSE ,?アバハウス
44,Abahouse Devinette ,?アバハウス・ドゥヴィネット
45,abbieannia , アビエニア
46,ABSTRISE , アブストライズ
47,abx , エービーエックス
48,ACAPULCO GOLD , アカプルコゴールド
49,ACCENTUAL , アクセンチュアル
50,ACNE ,?アクネ
51,Acne Jeans , アクネジーンズ
52,A.coba lt , アコバルト
53,acoustic by RICO , アコースティック・バイ・リコ
54,ACT , アクト
55,A.D. , エーディー
56,adabat , アダバット
57,Adam et Rop?（Adam et Rope） , アダム・エ・ロペ
58,ADAMITE , アダマイト
59,Adam Kimmel , アダム・キメル
60,adapt , アダプト
61,ADD , アデデ
62,ADDICT , アディクト
63,ADDITION ADELAIDE , アディッション・アデライデ
64,ADDICTIVE , アディクティブ
65,Adia Kibur , アディア・キブラ
66,adidas ,?アディダス
67,adidas originals , アディダスオリジナルス
68,ADIDAS×OKI-NI , アディダスオキニ
69,Admiral , アドミラル
70,Adolf , アドルフ
71,ADORE , アドーア
72,Advantage cycle , アドバンテージサイクル
73,AERONAUTICA MILITARE , アエロナウティカ・ミリターレ
74,AEROPOSTALE , エアロポステール
75,AFFA , エー・エフ・エフ・エー
76,AFTERBASE , アフターベース
77,A.F.VANDEVORST , エーエフヴァンデヴォルスト
78,AG , エージー
79,A&G , エーアンドジー
80,AGAINST MY KILLER , アゲインスト・マイ・キラー
81,Agatha , アガタ
82,AG?ed , エイジド
83,AGENT KNOCK , エージェントノック
84,agn?s b.（agnes b.） ,?アニエス・ベー
85,Agnona?, アニオナ
86,Agosto , アゴスト
87,AGOSTO KIDS , アゴスト・キッズ
88,AGOSTO SHOP , アゴスト・ショップ
89,AGOSTO WORKS , アゴスト・ワークス
90,Agronatura , アグロナチュラ
91,AGURI SAGIMORI , アグリ・サギモリ
92,AHKAH , アーカー
93,AIGLE ,?エーグル
94,AIPA , アイパ
95,AIRIPSUS , アイリプサス
96,AIRWALK , エアウォーク
97,AKADEMIKS , アカデミクス
98,AKERICO , アケリコ
99,AKM , アカミネ（エイケイエム）
100,AKRIS , アクリス
101,ALTER VENOMV , オルターベノム
102,ALA , アラ
103,Alain Silberstein ,?アラン・シルベスタイン
104,Alan Journo , アラン・ヨウルノ
105,ALAKAZAM! , アラカザム
106,A. Lange & S?hne（A. Lange & Sohne） ,?ランゲ・アンド・ゾーネ
107,alanmikli , アランミクリ
108,ALASKAN GOOSE , アラスカングース
109,ALBAROSA , アルバローザ
110,ALBATROS , アルバトロス
111,ALBERTA FERRETTI , アルベルタフェレッティ
112,alcali , アルカリ
113,Alden , オールデン
114,ALDIES , アールディーズ
115,ALDO , アルド
116,Aleanto , アレアント
117,ALEESI , アレッシー
118,Alessandro Dell'Acqua , アレッサンドロ・デラクア
119,AlexanderLeeChang , アレキサンダーリーチャン
120,Alexander McQueen ,?アレキサンダー・マックイーン
121,Alexander McQueen×PUMA ,?アレキサンダー・マックイーン×プーマ
122,Alexander Wang ,?アレキサンダー・ワン
123,ALEXANDRE DE PARIS , アレクサンドル・ドゥ・パリ
124,Alexanders Collection , アレキサンダース・コレクション（ホーム ファッション）
125,ALEX.B , アレックスビー
126,alfredoBANNISTER ,?アルフレッド・バニスター
127,alfredoBANNISTER IN , アルフレッドバニスターイン
128,Alfred Sargent , アルフレッド・サージェント
129,Algonquins ,?アルゴンキン
130,ALIAS , エイリアス
131,alice+olivia , アリス・オリビア
132,aliceMcCALL , アリスマッコール
133,ALIEN WOOIN' , エイリアンウーウィン
134,ALIFE , エーライフ
135,ALIMA , アリマ
136,Alive Athletics , アライブアスレティックス
137,alksndlia , アレクサンドリア
138,allegri , アレグリ
139,ALL FOR ONE , オールフォーワン
140,ALL GROWN UP BY BLONDY , オール・グロウン・アップ・バイ・ブロンディ
141,All Saints , オールセインツ
142,ALLY & DIA , アリーアンドダイア
143,ALMIGHTY , オールマイティ
144,ALMOND , アーモンド
145,ALPHA INDUSTRIES ,?アルファ・インダストリーズ
146,alphanumeric , アルファヌメリック
147,Al Somers , アルソマーズ
148,ALTAMONT , オルタモント
149,ALTEA , アルテア
150,alternative version WR , オルタナティブバージョンダブルアール
151,Altuzarra , アルチュザラ
152,AMACA , アマカ
153,amadana , アマダナ
154,(A) MAD T PARTY , マッドティーパーティ
155,Amanda Wakeley , アマンダ・ウェイクリー
156,AMBIGUOUS , アンビギュアス
157,AMBUSH , アンブッシュ
158,AMERICANA , アメリカーナ
159,American Apparel ,?アメリカンアパレル
160,AMERICAN EAGLE OUTFITTERS ,?アメリカン・イーグル・アウトフィッターズ
161,AMERICAN FLYER , アメリカン・フライヤー
162,AMERICAN RAG CIE ,?アメリカンラグシー
163,AMERICAN RETRO , アメリカンレトロ
164,AMG-THE DARKEST NIG , エーエムジー ザ ダーケスト ニグ
165,AMIMOC , アミモック
166,AM NAPORI , エーエムナポリ
167,AMOS , エイモス
168,amp japan , アンプジャパン
169,AM purple , エーエムパープル
170,anachronorm , アナクロノーム
171,Analog Clothing , アナログ・クロージング
172,analog lighting , アナログライティング
173,ANAP ,?アナップ
174,ANARCHIC ADJUSTMENT , アナーキック アジャストメント
175,ANAYI , アナイ
176,And A , アンドエー
177,ANDANTE , アンダンテ
178,...and Meat. , アンドミート
179,and N , アンドエヌ
180,Andrea Rossi , アンドレア・ロッシ
181,Andrew GN , アンドリュー・ゲン
182,ANDREW MACKENZIE , アンドリューマッケンジー
183,ANDROID , アンドロイド
184,ANDSUNS , アンドサンズ
185,Andy Warhol , アンディウォーホル
186,Andy Warhol by HYSTERIC GLAMOUR , アンディーウォーホルバイヒステリックグラマー
187,Angel Jackson , エンジェルジャクソン
188,ANGELO GARBASUS , アンジェロ・ガルバス
189,ANGELO JOURNEY , アンジェロ・ジャーニー
190,ANGELUS ,?アンジェラス
191,anglasad MAMORU SHIMIZU , アングラサッドマモルシミズ
192,ANGLOBAL SHOP , アングローバルショップ
193,aniary , アニアリ
194,ANN9, アンナイン
195,Anna Fidanza , アンナ・フィダンツァ
196,annak , アナック
197,ANNA MATUOZZO , アンナ・マトッツォ
198,ANNA MOLINARI , アンナ・モリナーリ
199,Anna Sui ,?アナスイ
200,Ann Demeulemeester , アン・ドゥムルメステール
201,ANNE KLEIN NEW YORK ,?アンクライン・ニューヨーク
202,ANNE VALERIE HASH , アン・ヴァレリー・アッシュ
203,ANNHAGEN , アンハーゲン
204,ANN-SOFIE BACK/BACK , アンソフィーバックバック
205,ANOKHA , アノーカ
206,Another Edition , アナザーエディション
207,ANOTHER HEAVEN , アナザーヘブン
208,ANREALAGE?, アンリアレイジ
209,ANTEPRIMA ,?アンテプリマ
210,Antgauge , アントゲージ
211,ANTI , アンチ
212,Anti Class , アンチクラス
213,ANTIHERO , アンチヒーロー
214,Antik batik , アンティックバティック
215,ANTIK DENIM , アンティークデニム
216,antoine DOM , アントゥアン・ドム
217,ANTONIO BERARDI , アントニオベラルディ
218,ANTONIO MARRAS ,?アントニオ・マラス
219,ANTONIO MURPHY & ASTRO , アントニオ　マーフィーアンドアストロ
220,a nun , アヌン
221,ANYA HINDMARCH ,?アニヤハインドマーチ
222,aNYthing , エニシング
223,aoki yuri , アオキ・ユリ
224,aor , エーオーアール
225,apart by lowrys , アパートバイローリーズ
226,A.P.C. , アー・ペー・セー
227,APPLEBUM , アップルバム
228,Apr-77, エイプリルセブンティセブン
229,Apuweiser-riche , アプワイザーリッシェ
230,aquagirl , アクアガール
231,Aquilano.Rimondi , アクイラーノリモンディ
232,AQUA SCUTUM ,?アクアスキュータム
233,Aquweiser-riche , アプワイザーリシェ
234,araisara , アライサラ
235,archi , アーキ
236,Archive , アーカイブ
237,Argent Gleam , アージェントグリーム
238,AriaCompany , アリアカンパニー
239,ARIES , アリーズ
240,ARMANI COLLEZIONI , アルマーニ・コレッツォーニ
241,ARMANI EXCHANGE , アルマーニ・エクスチェンジ
242,ARMANI JEANS , アルマーニジーンズ
243,ARMED , アームド
244,ARMEN , アーメン
245,Armorlux ,?アルモーリュックス
246,ARMTH SELECT , アームスセレクト
247,Arnold Palmer , アーノルドパーマー
248,ART BROWN , アートブラウン
249,ARTI CHAUT , アーティショ
250,ARTINERO , アルティネロ
251,ARTIOLI , アルティオリ
252,ARTISAN , アルチザン
253,ART VINTAGE , アートヴィンテージ
254,Artyz , アーティズ
255,ASH & DIAMONDS , アッシュアンドダイアモンド
256,asics ,?アシックス
257,A.S.Manhattaner's , エーエスマンハッタナーズ
258,as know as , アズノウアズ
259,Asos.com ,?エイソスドットコム
260,ASSASSN , アサシン
261,ASVENUS , アズヴィーナス
262,A/T, エーティー
263,Atease , アティース
264,ATELIER SAB , アトリエサブ
265,ATELIER SAB MEN (A.S.M) , アトリエサブメン（エイ・エス・エム）
266,a.testoni , アテストーニ
267,atmos , アトモス
268,atmos girls , アトモスガールズ
269,ATMOSPHERE , アトモスフィア
270,ato , アトウ
271,ATSURO TAYAMA , アツロウタヤマ
272,ATTACHMENT , アタッチメント
273,AUBERCY , オーベルシー
274,AUDEMARS PIGUET ,?オーデマ・ピゲ
275,audrey and john wad , オードリーアンドジョンワッド
276,AUGUST , オーガスト
277,AULA AILA , アウラ アイラ
278,AURORA GRAN , オーロラグラン
279,AUTHENTIC SHOE&Co. , オーセンティックシューアンドコー
280,AUTOcIDEr , オートサイダー
281,Auto Meter , オートメーター
282,AUTOUR DU MONDE , オトゥール デュ モンド
283,AVIREX , アヴィレックス
284,Avoid , アヴォイド
285,AVRIL GAU , アヴリルガウ
286,A.W.A , エーダブルエー
287,AXARA , アクサラ
288,Ayame , アヤメ
289,AYUITE , アユイテ
290,AZUL by moussy , アズールバイマウジー
291,AZZURE , アズール
292,A.Y. Not Dead , エーワイノットデッド
293,Azzedine Ala?a ,?アズディンアライア
294,BAADER CORP BY?: PATRIK RZEPSKI , パトリックルツェプスキーバイバダーコープ
295,BAGIR ,?バギール
296,Baby! , ベイビー
297,Baby-G , ベイビージー
298,BABYLONE , バビロン
299,BABYNAIL , ベイビーネイル
300,Baby Phat , ベビーファット
301,BACKBONE , バックボーン
302,BACK BONE THE BASIS , バックボーンザベイシス
303,Back Channel , バックチャンネル
304,BACKDROP , バックドロップ
305,BACK NUMBER , バックナンバー
306,BADBOY ,?バッドボーイ
307,BAKANAL , バカナル
308,BAKURETU-RANMAN-MUSUME（B-R-M）（爆烈爛漫娘） , バクレツランマンムスメ
309,bal , バル
310,balanceweardesign , バランスウェアデザイン
311,Balcony , バルコニー
312,Balcony and Bed , バルコニー・アンド・ベッド
313,BALENCIAGA ,?バレンシアガ
314,BALENCIAGA BAG ,?バレンシアガ・バッグ
315,BALL , ボール
316,BALLANTYNE CASHMERE , バランタインカシミヤ
317,BALLY ,?バリー
318,BALMAIN , バルマン
319,banal chic bizarre ,?バナル・シック・ビザール
320,BANANA FISH , バナナフィッシュ
321,Banana Republic ,?バナナ・リパブリック
322,BAND OF OUTSIDERS , バンド・オブ・アウトサイダーズ
323,BANKROBBER , バンクロバー
324,Banner Barrett , バナーバレット
325,BANSHEE , バンシー
326,BARACUTA ,?バラクータ
327,Barassi , バラシ（バラシー）
328,BARBA , バルバ
329,Barbarian , バーバリアン
330,BARBIE , バービー
331,BARBO , バルボ
332,Barbour , バーブァー
333,BARENA , バレナ
334,Barker Black , バーカーブラック
335,BARK TANNAGE , バークタンネイジ
336,BARNEY BOOTS , バーニーブーツ
337,BARONIO , バローニオ
338,barouche , バルーシュ
339,Barrault , バロー
340,Barrels , バレルズ
341,BARRET , バレット
342,ba(S)2lope, ベースロープ
343,BASECONTROL , ベースコントロール
344,BASISBROEK , バージスブルック
345,BASSETT WALKER , バセットウォーカー
346,BATTLE DRESS UNIFORM , バトルドレスユニフォーム
347,BAUME et MERCIER (BAUME & MERCIER) ,?ボーム　エ　メルシエ
348,BAUM UND PFERDGARTEN , バウムウンドヘルガーデン
349,Baxter of California , バクスター オブ カリフォルニア
350,BBC , ビービーシー
351,BBCO , ビビコ
352,BBCO COLLECTION , ビビココレクション
353,BBCO BASIC , ビビコベーシック
354,BBP , ビービーピー
355,BC GAME , ビーシーゲーム
356,BEAMS ,?ビームス
357,BEAMS BOY ,?ビームスボーイ
358,BEAMS F ,?ビームスエフ
359,BEAMS Lights ,?ビームスライツ
360,BEAMS PLUS ,?ビームスプラス
361,BEAMS T ,?ビームスティー
362,Bear USA , ベアー
363,Beaure , ビューレ
364,beautiful people , ビューティフルピープル
365,beauty:beast , ビューティビースト
366,BEAUTY & YOUTH UNITED ARROWS , ビューティーアンドユースユナイテッドアローズ
367,Bebe , ベベ
368,bedsidedrama , ベットサイドドラマ
369,BEDWIN ,?ベドウィン
370,begxist , ベグジット
371,beik , ベイク
372,BEJEWELED , ビジュエル
373,Bell & Ross , ベルアンドロス
374,BELSTAFF , ベルスタッフ
375,BEMERS , ベーメルス
376,Bench , ベンチ
377,BEN DAVIS , ベンデイビス
378,BEN DAVIS PROJECT LINE , ベンデイビスプロジェクトライン
379,BEN DAVIS WHITE LABEL , ベンデイビス ホワイトラベル
380,Benefit , ベネフィット
381,BENETTON (UNITED COLORS OF BENETTON) ,?ベネトン
382,BENICOTOY , ベニコ・トイ
383,Ben Sherman ,?ベンシャーマン
384,Ben Sherman×ELIMINATOR , ベンシャーマン×エリミネイター
385,Bennu , ベヌウ
386,BEN THE RODEO TAILOR , ベン・ザ・ロデオ・テーラー
387,Be Positive , ビーポジティブ
388,Berluti , ベルルッティ
389,BERNHARD WILLHELM , ベルンハルト・ウィルヘルム
390,Bertini , ヴェルティニ
391,Betsey Johnson , ベッツィージョンソン
392,Betty Barclay , ベティーバークレー
393,Betty Smith , ベティスミス
394,Bianca's closet , ビアンカズ・クローゼット
395,BIANNA , ビアンナ
396,BIAS , バイアス
397,BI COASTAL , バイコースタル
398,BIGBLACKMARIA , ビッグブラックマリア
399,bigapple , ビッグアップル
400,BIG JOHN , ビッグジョン
401,BIGLIDUE , ビリドゥーエ
402,BIGSTAR , ビッグスター
403,Bijou R.I , ビジュー・アール・アイ
404,BIKKEMBERGS , ビッケンバーグ
405,Bilitis dix-sept ans , ビリティス・ディ・セッタン
406,Billionaire Boys Club , ビリオネアボーイズクラブ
407,BILL WALL LEATHER , ビルウォールレザー
408,BIRKENSTOK , ビルケンシュトック
409,Bisou-Bisou , ビスビス
410,BEVERLY HILLS POLO CLUB（BHPC） , ビバリーヒルズ・ポロクラブ
411,BIVOAC , ビバーク
412,BLAAK , ブラック
413,BLACKBARRETT by NEIL BARRETT , ブラックバレット・バイ・ニール・バレット
414,BLACK by moussy , ブラック・バイ・マウジー
415,BLACK CARD , ブラックカード
416,BLACK COMME des GAR?ONS（BLACK COMME des GARCONS） , ブラック・コム・デ・ギャルソン
417,blacker BY steven alan , ブラッカー・バイ・スティーブン・アラン
418,BLACK FLEECE , ブラックフリース
419,BLACK FLYS , ブラックフライズ
420,BLACK GOLD , ブラックゴールド
421,BLACK PEACE NOW , ブラックピースナウ
422,BLACK PIA , ブラックピア
423,BLACK RING , ブラックリング
424,BLACKTOP Kustoms , ブラックトップカスタムズ
425,blanc basque , ブランクバスク（ブランバスク）
426,BLANCPAIN ,?ブランパン
427,BLANK , ブランク
428,BLESS , ブレス
429,Bliss , ブリス
430,BLONDE CIGARETTES , ブロンドシガレッツ
431,blondy , ブロンディー
432,BLOSSOM DAYS , ブロッサムデイズ
433,BLOOD MESSAGE , ブラッドメッセージ
434,BLOOD MONEY TOKYO , ブラッドマネートーキョー
435,BLUE BLUE , ブルーブルー
436,Blur cure macacin , ブラー・キュア・マカシン
437,BLUE FLAMES , ブルーフレイムス
438,BLUE MARLIN , ブルーマーリン
439,BLUE WAY , ブルーウェイ
440,BLUGIRL ,?ブルーガール
441,bobo chose , ボボ・チョース
442,BODY DRESSING , ボディドレッシング
443,BODY GLOVE , ボディーグローブ
444,Boemos , ボエモス
445,boessert schorn , ボエッサートショルン
446,Bohemians , ボヘミアンズ
447,BOISNONVERNI , ボイスノンヴァーニ
448,BOLLINI , ボリーニ
449,bombonera , ボンボネーラ
450,bonboog , ボンブーグ
451,bonica , ボニカ
452,bonjour records , ボンジュールレコーズ
453,BONORA , ボノーラ
454,BOUCHERON , ブシュロン
455,BOUNTY HUNTER , バウンティハンター
456,BOOTLEGBOOTH , ブートレグブース
457,bortsprungt. , ボシュプルメット
458,botanika , ボタニカ
459,botkier , ボトキエ
460,BOTTEGA VENETA ,?ボッテガ・ヴェネタ
461,Boudicca , ボウディカ
462,Bouvardia , ブバルディア
463,BOXFRESH , ボックスフレッシュ
464,BOYCOTT , ボイコット
465,B.Q.E. , ビーキューイー
466,bpr BEAMS , ビーピーアールビームス
467,BRAIN STORM , ブレインストーム
468,BRAITONE , ブライトン
469,BRAPPERS , ブラッパーズ
470,breakfast , ブレックファスト
471,BREATH , ブレス
472,BREE , ブリー
473,Breguet ,?ブレゲ
474,BREITLING ,?ブライトリング
475,BREUR , ブリューアー
476,Brickstone , ブリックストーン
477,BRIEFING , ブリーフィング
478,BRTHBREATH , ブレス
479,BRING LEADS , ブリングリーズ
480,BRING ON THE NOISE , ブリングオンザノイズ
481,Brontibay Paris , ブロンティベイ・パリス
482,BROOKLYN INDUSTRIES , ブルックリン・インダストリーズ
483,Brooklyn Mint , ブルックリンミント
484,Brooks Brothers (The) , ブルックスブラザース
485,BROTHERHOOD , ブラザーフッド
486,BROWN BUNNY , ブラウンバニー
487,Brownie , ブラウニー
488,BRUNABOINNE , ブルーナボイン
489,BRUNELLO CUCINELLI , ブルネロクチネリ
490,BUDDHIST PUNK , ブディスト・パンク
491,Buddy Lee , バディー・リー
492,BUGS & GARDENER , バグスアンドガーデナー
493,bulledesavon , ビュルデサボン
494,Bulova ,?ブローバ
495,BUONA GIORNATA , ボナジョルナータ
496,Burberry ,?バーバリー
497,BURBERRY BLACK LABEL , バーバリー・ブラックレーベル
498,BURBERRY BLUE LABEL , バーバリー・ブルーレーベル
499,Burberry London , バーバリー・ロンドン
500,Burberry Prorsum , バーバリー・プローサム
501,Burglar , バーグラー
502,Burner , バーナー
503,BURTON , バートン
504,BURTON idiom , バートンイディオム
505,BUTTERO , ブッテロ
506,Buzz Rickson's , バズ・リクソンズ
507,B.V.D , ビーブイディー
508,Bvlgari ,?ブルガリ
509,B'witch , ビーウィッチ
510,BYBLOS , ビブロス
511,by Tass Standard , バイ・タス・スタンダード
512,C1RCA, サーカ
513,CA4LA, カシラ
514,CABANE de ZUCCa , カバン・ド・ズッカ
515,CAROLINA GLASER , カロリナ・グレイサー
516,CACHAREL , キャシャレル
517,CACTUS , カクタス
518,Cages , ゲージ
519,CALEE , キャリー
520,callous , キャラス
521,CALTOP , カルトップ
522,Calvin Klein ,?カルバン・クライン
523,ck Calvin Klein ,?シーケーカルバンクライン
524,Camaieu , カマイウ
525,Cambio , カンビオ
526,CAMICIANISTA ,?カミチャニスタ
527,CAMIERA , カミエラ
528,CAMPANILE , カンパニーレ
529,CAMPO MAGGI , カンポマッジ
530,candle june , キャンドルジュン
531,Candle Studio MAGIERA , マギエラ
532,Candy Stripper , キャンディストリッパー
533,Canton , キャントン
534,cantwo , キャンツー
535,CANVAS MERGE , キャンバスマージ
536,CAP BITE×LWT EXCLUSIVE , キャップバイト
537,CAPSEL , カプセル
538,Captain Santa , キャプテンサンタ
539,Carat , キャラット
540,CARBURETOR & CO , キャブレターアンドコー
541,CareBears , ケアベア
542,Carhartt ,?カーハート
543,carlife , カーライフ
544,Cartier ,?カルティエ
545,Carol Christian Poell ,?キャロル・クリスチャン・ポエル
546,CARRANO , カラーノ
547,CARTRIDGE CASE , カートリッジ・ケース
548,CARTRIDGE CASE222, カートリッジ・ケイス
549,CASIO ,?カシオ
550,CASTELBAJAC , カステルバジャック
551,CASUCCI , カスッチ
552,catene , カテネ
553,Caterina Lucchi , カテリーナ・ルッキ
554,Cath Kidston , キャスキッドソン
555,CAUSE , コーズ
556,CAV-000, キャブゼロゼロゼロ
557,CAZAL , カザール
558,C.B.ANEW , シービーアニュー
559,C.C.CROSS , シーシークロス
560,CCM , シーシーエム
561,C DIEM ,?カルペディエム
562,CEBO , セボ
563,CECIL McBEE ,?セシルマクビー
564,C?line ,?セリーヌ
565,Celt and Cobra , ケルトアンド・コブラ
566,Censored Sentient , センサード・センティエント
567,ceresa , チェレーザ
568,Cerruti , セルッティ
569,CERTINA ,?サーチナ
570,C'est ChiC'a , セシカ
571,CHA CHA'S HOUSE OF ILL REPUTE , チャチャズ・ハウス・オブ・イル・リピュート
572,Chaika（чайка） ,?チャイカ
573,Champion , チャンピオン
574,CHANEL ,?シャネル
575,CHANGES , チェンジズ
576,CHAPTER SELECT , チャプターセレクト
577,Charles Anastase , シャルル・アナスタス
578,Charles Garnier , シャルル・ガルニエ
579,Charles Jourdan ,?シャルル・ジョルダン
580,Charlotte Olympia , シャルロット　オリンピア
581,CHARMCULT , チャームカルト
582,Charmer , シャルメ
583,CHAT CHAT , チャットチャット
584,CHAUMET , ショーメ
585,CHEANEY , チーニー
586,CHEAP MONDAY , チープマンデー
587,cheez , チーズ
588,Chelom , シェロム
589,CHELSEAGARB , チェルシーガーヴ
590,Cher , シェル
591,CHERIE , シェリー
592,CHIC MANN , チックマン
593,CHIE MIHARA , チエミハラ
594,CHIL DERIC , キルデリク
595,CHILDHOOD , チャイルドフッド
596,CHIP AND PEPPER , チップアンドペッパー
597,CHIPPEWA , チペワ
598,CHIYUKI , チユキ
599,Chlo? ,?クロエ
600,CHOCOHOLIC , チョコホリック
601,Chocolate (Argentina) , チョコラテ（チョコラテ アルヘンティナ）
602,Chopard ,?ショパール
603,Chrissie Morris , クリッシーモリス
604,Christian Dior ,?クリスチャン・ディオール
605,Christian Lacroix ,?クリスチャン・ラクロワ
606,Christian Louboutin , クリスチャン・ルブタン
607,CHRISTIAN PEAU , クリスチャン・ポー
608,christian roth , クリスチャン・ロス
609,CHRISTINA ROHDE , クリスティーナ・ローデ
610,CHRISTOPHE LEMAIRE , クリストフ・ルメール
611,Christpher Stivo , クリストファー・スティーボ
612,CHROME HEARTS ,?クロムハーツ
613,CHRONICLES OF NEVER , クロニクルズ・オブ・ネバー
614,CHRONOSWISS ,?クロノスイス
615,Chums , チャムス
616,Church's ,?チャーチ
617,Ciaopanic , チャオパニック
618,CIBONE , シボネ
619,CICATA , シカタ
620,Cimarron , シマロン
621,CIMIER ,?シミエール
622,ciname. , チナム
623,CIPHER , サイファー
624,CIRCA , サーカ
625,CIRCUM , サーカム
626,circus , サーカス
627,CITIZEN ,?シチズン
628,Citizens of Humanity , シティズンスオブヒューマニティ
629,CITY LAB , シティーラブ
630,ciu ciu , チュウチュ
631,CIXEUR , シクサー
632,CLAN , クラン
633,Clara B. , クララビー
634,Clarendon , クラレンドン
635,Clarks , クラークス
636,clasky , クラスキー
637,Classico , クラシコ
638,CLASSIC , クラシック
639,CLATHAS , クレイサス
640,Claude Montana , クロード・モンタナ
641,cledevers , クレデヴェール
642,clette , クレット
643,CLEMENTS RIBEIRO , クレメンツ・リベイロ
644,Clic Clac , クリクラ
645,CLIXION , クリクション
646,CLOAK , クローク
647,CLOCK CHANNEL , クロックチャンネル
648,Clone , クローン
649,CLUBKING , クラブキング
650,CLUCT , クラクト
651,CN , シーエヌ
652,COACH ,?コーチ
653,COALBLACK , コールブラック
654,Coco , ココ
655,COCOA'77, ココアセブンティセブン
656,COCOLULU , ココルル
657,Cocomma , ココマ
658,COCOSHNIK , ココシュニック
659,COCUE , コキュ
660,coeur , クール
661,coeur ripe , クールライプ
662,COGU , コグ
663,Coigirlmagic , コイガールマジック
664,COINONIA , コイノニア
665,cokitica , コキチカ
666,Coldwave , コールドウェーブ
667,collection PRIVEE? , コレクションプリヴェ
668,COLLECTORS CLUB , コレクターズクラブ
669,Columbia ,?コロンビア
670,COMME ?A DU MODE ,?コムサ・デ・モード
671,COMME ?A COLLECTION , コムサ・コレクション
672,COMME ?A DU MODE MEN , コムサ・デ・モード・メン
673,COMME ?A ISM , コムサイズム
674,COMME ?A MEN , コムサ・メン
675,COMME des GAR?ONS ,?コム・デ・ギャルソン
676,COMME des GAR?ONS COMME des GAR?ONS , コム・デ・ギャルソン・コム・デ・ギャルソン
677,COMME des GAR?ONS HOMME DEUX , コム・デ・ギャルソン・オム・ドゥ
678,COMME des GAR?ONS HOMME , コム・デ・ギャルソン・オム
679,COMME des GAR?ONS HOMME PLUS , コム・デ・ギャルソン・オム・プリュス
680,COMME des GAR?ONS noir , コム・デ・ギャルソン・ノワール
681,COMMON PROJECTS , コモンプロジェクト
682,COMMUNITY , コミュニティ
683,COMMUUN ,?コムーン
684,COMPLETEFINESSE , コンプリートフィネス
685,Complot , コンプロ
686,COMPOSITION FIVE , コンポジション・ファイブ
687,Comptoir des cotonniers , コントワー・デ・コトニエ
688,connect , コネクト
689,CONNECTERS , コネクターズ
690,CONQUEST , コンクエスト
691,CONVERSE ,?コンバース
692,COOKIE FORTUNE , クッキー・フォーチュン
693,COOTIE , クーティー
694,co-quina , コキナ
695,Coquin-Coquine , コカンコキーヌ
696,corazon del alma , コラゾン・デル・アルマ
697,CORDIER , コルディア
698,corefighter , コアファイター
699,CORE JEWELS?, コアジュエルス
700,CORGI , コーギ
701,COROMO by DECO SUGAI , コロモバイデコスガイ
702,CORTES WORKS , コルテスワークス
703,CORTHAY , コルテ
704,Corto Moltedo , コルトモルテド
705,CORUM ,?コルム
706,COS(Collection of Style) ,?コス
707,COSMIC WONDER , コズミックワンダー
708,COSMIC WONDER Light Source , コズミックワンダーライトソース
709,CoSTUME NATIONAL ,?コスチューム・ナショナル
710,COTOO , コトゥー
711,Counter Culture , カウンターカルチャー
712,COUP DE CHANCE , クード シャンス
713,coupole , クーポール
714,courreg?s ,?クレージュ
715,COZ JEANS , コズ・ジーンズ
716,C.P. Company , シーピーカンパニー
717,C-PLUS HEAD WEAR , シープラスヘッドウェアー
718,CRATE DENIM , クレートデニム
719,CRAZY PIG , クレイジーピッグ
720,CREATIVE RECREATION , クリエイティブリクリエーション
721,CRIMIE , クライミー
722,Crocket & Jones , クロケットアンドジョーンズ
723,Crocodile ,?クロコダイル
724,crocs ,?クロックス
725,CROLLA , クローラ
726,Crooked Monkey , クロックドモンキー
727,CROON A SONG , クルーンアソング
728,CROSS COLOURS , クロスカラーズ
729,CROWDS OF HOODS , クラウズオブフーズ
730,CRU , クルー
731,CRUCIANI , クルチアーニ
732,CRY BABY! , クライベイビー
733,CRYDD , クルーズ
734,CRYSTAL BALL , クリスタルボール
735,CS , シーエス
736,Cube Sugar , キューブ・シュガー
737,cuccia , クチャ
738,CUNE , キューン
739,Current/Elliott , カレントエリオット
740,Cushe Footwear , クッシー・フットウェア
741,Custo Barcelona , クスト・バルセロナ
742,CUSTOM CULTURE , カスタムカルチャー
743,CUSTOM X , カスタムエックス
744,cycle , サイクル
745,Cynthia Rowley , シンシア ローリー
746,CZEREMONY , セレモニー
747,D12, ディートゥウェルブ
748,D'24,?ディートゥエンティフォー
749,DADA , ダダ
750,dada flora , ダダ・フローラ
751,Dafna Boots , ダフナブーツ
752,Da Hui , ダ・フイ
753,Daisy , デイジー
754,Damiani , ダミアーニ
755,DAMIR DOMA , ダミール・ドーマ
756,DA-NANG , ダナン
757,DANESE , ダネーゼ
758,Daniel & Bob , ダニエルアンドボブ
759,DANIEL CREMIEUX , ダニエル・クレミュ
760,DANIEL ROTH ,?ダニエル・ロート
761,Danner , ダナー
762,DANS LA VIE , ダンラヴィ
763,DARJEELING DAYS , ダージリンデイズ
764,David Hicks , デビッドヒックス
765,Davit MEURSAULT , ダヴィットモルソー
766,DAVOUCCI , ダヴォッチ
767,Dazur , ダジュー
768,D-BROS , ディーブロス
769,DC SHOE , ディーシーシュー
770,DDP , ディーディーピー（デーデーペー）
771,DEAL DESIGN , ディールデザイン
772,DEARIVETH?, ディアライブス
773,Dear Princess ,?ディアプリンセス
774,DE BEERS ,?デビアス
775,debora SINIBALDI , デボラ・シンニバルディ
776,DeDanae , デュダナエ
777,deep sweet easy , ディープスウィートイージー
778,Deluxe , デラックス
779,DEAD LOTUS , デッドロータス
780,Debbie by FREE'S SHOP , デビーバイフリーズショップ
781,Deborah tune , デボラチューン
782,Debra DeRoo , デブラ・ドゥルー
783,DEDUE , デデュー
784,deicy , デイシー
785,DELUXE , デラックス
786,DE MATINI , ディマティーニ
787,DENIM CRAFT , デニムクラフト
788,DENIME , ドゥニーム
789,Denny Rose , デニー・ローズ
790,Deorart , ディオラート
791,DEPT , デプト
792,Der SAMMLER SOLO , ディア・ザムラーソロ
793,DEREK LAM , デレクラム
794,DESIGNWORKS , デザインワークス
795,DESIGUAL ,?デシグアル
796,DETAILS , ディテールズ
797,D?VAST?E , デバステ
798,device. , ディバイス
799,DEVILOCK , デビロック
800,Deviluse , デビルユース
801,DEVOA , デヴォア
802,DEZE , デイズ
803,D&G ,?ディーアンドジー
804,DGRACE , ディグレース
805,Dhyana , ディアーナ
806,Diabro , ディアボロ
807,DIADORA , ディアドラ
808,DIAMOND DOGS , ダイアモンドドッグス
809,DIANE von FURSTENBERG (DVF) , ダイアンフォンファステンバーグ
810,DIAZPORA , ディアスポラ
811,Dickies , ディッキーズ
812,DICO , ディコ
813,D.I.E , ダイ
814,DIESEL ,?ディーゼル
815,DIESEL KIDS ,?ディーゼルキッズ
816,DIET BUTCHER SLIM SKIN , ダイエットブッチャースリムスキン
817,DIG DESIGN , ディグデザイン
818,Digital Diverse , デジタルディバース
819,DI MAGGIO , ディマジオ
820,DIOR HOMME ,?ディオール・オム
821,DIRAIN , ディレイン
822,DIRK BIKKEMBERGS , ダーク・ビッケンバーグ
823,DIRK SCHONBERGER , ダーク・ショーンベルガー
824,DIRK VAN SAENE , ダーク・ヴァン・セーヌ
825,DISCIPLE , ディサイプル
826,DISCO VALLEY , ディスコバレー
827,DISCOVERED , ディスカバード
828,DISCUS , ディスカス
829,Disney Couture , ディズニークチュール
830,District , ディストリクト
831,DITA , ディータ
832,dj honda , ディージェイホンダ
833,d.k.f. , ディーケーエフ
834,DKNY ,?ディーケーエヌワイ
835,Dlli , ディリ
836,D.M.G , ディーエムジー
837,DOARAT , ドゥアラット
838,DOG COLLAR , ドッグカラー
839,DOG TOWN , ドッグタウン
840,DO!FAMILY , ドゥファミリー
841,DOLCE & GABBANA ,?ドルチェ・アンド・ガッバーナ
842,Dolce Vita , ドルチェビータ
843,Dominique Sirop ,?ドミニク・シロ
844,Donna Karan ,?ダナ・キャラン
845,dopie , ドーピー
846,DORCUS , ドウカス
847,DORE DORE , ドレドレ
848,DOROTHY PERKINS , ドロシー・パーキンス
849,DOUBLE HARD , ダブルハード
850,DOUBLE STANDARD CLOTHING , ダブル・スタンダード・クロージング
851,DOUBLE STEAL , ダブルスティール
852,DRAGON BEARD ,?ドラゴンベアード
853,DRAKES , ドレイクス
854,DRANHEAL , ドランヒール
855,Drappa Dot , ドラッパ・ドット
856,DRELLA , ドゥレラ
857,DRESKIP , ドレスキップ
858,Dress Camp , ドレスキャンプ
859,DRESSTERIOR , ドレステリア
860,Drestrip , ドレストリップ
861,driade , ドリアデ
862,DRIES VAN NOTEN , ドリス・ヴァン・ノッテン
863,DRIFT RAGE , ドリフトレイジ
864,DRIFTWOOD , ドリフトウッド
865,DRitte , ドリット
866,DRIZA-BONE ,?ドライザ・ボーン
867,DRKSHDW , ダークシャドウ
868,Dr.Denim , ドクターデニム
869,Dr.Martens ,?ドクターマーチン
870,Dr.MONROE , ドクターモンロー
871,DROORS , ドロアーズ
872,DSQUARED2,?ディースクエアード
873,DTE california ,?ディーティーイーカリフォルニア
874,DUCK AND COVER , ダックアンドカバー
875,DUCKIE BROWN , ダッキーブラウン
876,DU・DE+DO , デュ・デ・ドゥ
877,DUKE BOYD , デュークボイド
878,Duro Olowu , デュロオロウ
879,Dunhill ,?ダンヒル
880,DUNLOP , ダンロップ
881,DUNS , ダンズ
882,DUPE SELECT , デュープセレクト
883,DURAS , デュラス
884,DURAS ambient , デュラスアンビエント
885,durbuy , デュルブイ
886,DUSAN , ドゥシャン
887,DUVETICA ,?デュベティカ
888,DVS , ディーブイエス
889,EAMES , イームズ
890,Earl Jean , アール ジーン
891,earnest sewn , アーネスト・ソーン
892,EASE DESIGN , イーズデザイン
893,EASTBOY ,?イーストボーイ
894,EASTPAK , イーストパック
895,EASY-GO-EASY , イージーゴーイージー
896,EBEL ,?エベル
897,ECK? FUNCTION（ECKO FUNCTION） , エコー・ファンクション
898,ECK? RED（ECKO RED） , エコー・レッド
899,ECK? STORAGE（ECKO STORAGE） , エコー・ストレージ
900,ECK? UNLTD（ECKO UNLTD） , エコー・アンリミテッド
901,eclamour , エクラムール
902,ECOMACO , エコマコ
903,Eddie Bauer ,?エディー・バウアー
904,ED HARDY ,?エド・ハーディ
905,?DIFICE , エディフィス
906,?DIFICE MAT?RIAUX , エディフィスマテリオ
907,EDINA RONAY , エディーナ・ロネィ
908,EDITION , エディション
909,EDUN , イードゥン
910,EDWARD GREEN , エドワード・グリーン
911,EDWIN ,?エドウイン
912,EFFECTOR , エフェクター
913,.efiLevol , エフィレボル
914,egoist , エゴイスト
915,EGO TRIPPING , エゴトリッピング
916,E Hyphen World gallery , イー・ハイフン・ワールド・ギャラリー
917,eight , エイト
918,Eight By , エイトバイ
919,EIGHT BY GOLD LABEL , エイトバイゴールドレーベル
920,ej sikke lej , アイシッケライ
921,EKAM , エカム
922,ELATE , イレイト
923,EL.Brown , エルブラウン
924,ELECTRIC COTTAGE , エレクトリックコテージ
925,ELEMENT , エレメント
926,elephantant , エレファントアント
927,eleven six , イレブンシックス
928,ELEY KISHIMOTO , イーリーキシモト
929,elf , エルフ
930,Elgin ,?エルジン
931,ELIE SAAB , エリー・サーブ
932,Elise Overland , エリーズ・オーバーランド
933,ELLE costumes , エルコスチューム
934,ELLE GOLF , エルゴルフ
935,ELLE HOMME , エルオム
936,ELLE PARIS , エルパリ
937,ELLE PETITE , エルプティ
938,ELLE PLANETE , エルプラネット
939,ELLE POUPON , エルプポン
940,ellesse , エレッセ
941,ELLUS , エラス
942,ELNEST , エルネスト
943,EL RODEO , エルロデオ
944,emanuel ungaro ,?エマニュエル・ウンガロ
945,Embrains , エンブレインズ
946,e.m. Fleur , イー・エム・フルール
947,Emerica , エメリカ
948,EMILIO PUCCI , エミリオ・プッチ
949,EMMA HOPE , エマ・ホープ
950,e.m. noir , イー・エム・ノアール
951,EMPERART , エンペラート
952,EMPIRE , エンパイア
953,EMPORIO ARMANI , エンポリオ・アルマーニ
954,Enasoluna , エナソルーナ
955,ENERGIE , エナジー
956,enfantino , エンファンティーノ
957,Engineered Garments , エンジニアード・ガーメンツ
958,Engineered Jeans , エンジニアドジーンズ
959,Enhance Element , エンハンスエレメント
960,enjoi , エンジョイ
961,en prive , エンプリーベ
962,ENRICO COVERI , エンリコ・コベリ
963,ENYCE , エニーチェ
964,ENZO BONAFE , エンツォ・ボナフェ
965,EOTOTO , エオトト
966,EPICE , エピス
967,Epilogue Chant , エピローグチャント
968,E-PLAY , イープレイ
969,Epoca , エポカ
970,EPOCA UOMO , エポカ・ウォモ
971,EPROZE , イープローズ
972,?puda , イプダ
973,Equipment , エキップモン（エキプモン）
974,Erdem , アーデム
975,ERMANNO SCHERVINO , エルマンノシェルヴィーノ
976,ERI MATSUI , エリマツイ
977,Ermenegildo Zegna , エルメネジルドゼニア
978,ERNTE , エルンテ
979,ES , エス
980,ESCADA ,?エスカーダ
981,ES ORCHESTRES ,?エス オーケストラ
982,Esprit , エスプリ
983,ESSENTIAL DESIGNS , エッセンシャルデザイン
984,ETAMINNE , エタミンヌ
985,ETERNAL , エターナルジーンズ
986,Etienne Aigner's , エティエンヌ アイグナー
987,ETRO ,?エトロ
988,ETTINGER , エッティンガー
989,Etw.Vonneguet ,?エトヴァス・ボネゲ
990,Eudon Choi , ユードン・チョイ
991,EVE MARIAGE , イヴ・マリアージュ
992,ever , エバー
993,Everested , エベレステッド
994,EVERLAST , エバーラスト
995,EVERLASTINGRIDE , エバーラスティングライド
996,everlasting sprout , エバーラスティングスプラウト
997,EVEX by KRIZIA , エヴェックス・バイ・クリツィア
998,EVIROB , イビロブ
999,EVISU ,?エヴィス
1000,EXIT FOR DIS , イグジットフォーディス
1001,expansion , エクスパンション
1002,EXPANSION INC. , エクスパンション
1003,EXPEDITION MODE , エクスペディションモード
1004,EYEFUNNY , アイファニー
1005,eYe JUNYA WATANABE COMME des GAR?ONS MAN（eYe JUNYA WATANABE COMME des GARCONS MAN） , アイ・ジュンヤ・ワタナベ・コム・デ・ギャルソン・マン
1006,eye know , アイ ノウ
1007,EYESCREAM , アイスクリーム
1008,Fabiane Roux , ファビアンルー
1009,FACTOTUM , ファクトタム
1010,FAD 3, ファドスリー
1011,FADELESS , フェイドレス
1012,FAIR FAX , フェアファクス
1013,FAKE LONDON , フェイクロンドン
1014,Faliero Sarti , ファリエロ・サルティ
1015,FaM , ファム
1016,FAMOUZ , フェイマス
1017,Far Nine , ファーナイン
1018,FAT , エフ・エー・ティー
1019,FAT JOE , ファットジョー
1020,FATTORI , ファットーリ
1021,FATTY&NUTTY BROTHERS , ファッティアンドナッティブラザーズ
1022,FB COUNTY , エフビーカウンティ
1023,F.C.R.B. , エフシーアールビー
1024,FCUK ,?フレンチコネクション
1025,Feed you , フィージュ
1026,Felisi ,?フェリージ
1027,Fender Shoes , フェンダーシューズ
1028,FENDI ,?フェンディ
1029,fennica , フェニカ
1030,FENTON , フェントン
1031,FERRUCCIO VECCHI , フェリシオ ベッキ
1032,fev , フェブ
1033,few. , フュー
1034,FIBEROPS , ファイバーオプス
1035,FICCE , フィッチェ
1036,FIDELITY , フェデリティー
1037,FIFE , ファイフ
1038,FIFTH AVENEU SHOE REPAIR , フィフスアヴェニューシューリペア
1039,FILA ,?フィラ
1040,Filippa K , フィリッパ・コー
1041,FILLY O'LYNX , フィリー・オー・リンクス
1042,Fin , フィン
1043,FINAL HOME , ファイナルホーム
1044,FINAMORE , フィナモレ
1045,First Parking , ファーストパーキング
1046,FITHRON , フィスロン
1047,FIVE O , ファイブオー
1048,Flammeum , フラミューム
1049,Flaph , フラフ
1050,FLASHPOINT , フラッシュポイント
1051,flavour , フレーバー
1052,FLEXFIT , フレックスフィット
1053,FLIP THE SCRIPT , フリップザスクリプト
1054,FLORENT , フローレント
1055,FLORIAN DENICOURT , フロリアン・ドゥニクール（フロリアン・デニコー）
1056,FLOS , フロス
1057,FLUD WATCHES , フラッドウォッチ
1058,Fob's , フォブス
1059,Foggia , フォッジア
1060,Folli Follie ,?フォリフォリ
1061,FOOBER , フーバー
1062,FOOCA SELECTION , フーカ・セレクション
1063,foot the coacher , フットザコーチャー
1064,FOPPISH , フォピッシュ
1065,Fornarina ,?フォルナリーナ
1066,FORSTE , フェアステ
1067,FORTIS ,?フォルティス
1068,FORTY FINE CLOTHING , フォーティーファインクロージング
1069,Fossil ,?フォッシル
1070,Foundation Addict , ファンデーションアディクト
1071,FOUNDATION ADDICT BOYS , ファンデーションアディクトボーイズ
1072,FouR , フォー
1073,Foxey , フォクシー
1074,FPRATICS , フプラティックス
1075,FRAGILE , フラジール
1076,FRAMe WORK , フレームワーク
1077,FRANCESCO BIASIA , フランチェスコ・ビアジア
1078,franchelippee , フランシュリッペ
1079,Francis Klein , フランシスクライン
1080,FranCisT_MOR.K.S. , フランシストモークス
1081,FRANCK MULLER ,?フランク・ミュラー
1082,FRANCO BASSI , フランコ・バッシ
1083,FRANCO MINUCCI , フランコ・ミヌッチ
1084,FRANCO PRINZIVALLI , フランコ・プリンツィバァリー
1085,Frank151, フランクワンファイブワン
1086,FRANK DANIEL , フランクダニエル
1087,Frankie Morello , フランキーモレロ
1088,FRANK LEDER , フランクリーダー
1089,FRANKLIN & MARSHALL , フランクリン・アンド・マーシャル（フランクリン・マーシャル）
1090,FRANKLYN , フランクリン
1091,FRANQUEENSENSE , フランクウィーンセンス
1092,FRAPBOIS , フラボア
1093,FREAKY , フリーキー
1094,FRED , フレッド
1095,Frederik , フレデリック
1096,FRED PERRY ,?フレッドペリー
1097,FREE RIDE , フリーライド
1098,Free's , フリーズ
1099,FREE'S SHOP , フリーズショップ
1100,Freestyle , フリースタイル
1101,FREITAG ,?フライターグ
1102,FRENCHSOLE , フレンチソール
1103,FREQUDNCY , フレクエンシー
1104,Fresco&Sereno , フレスコアンドセレーノ
1105,FRESHJIVE , フレッシュジャイブ
1106,FRICTION made , フリクションメイド
1107,Friis & Company , フリースアンドカンパニー
1108,froufroutant , フルフルタント
1109,FRUIT CAKE ,?フルーツケイク (ファッションブランド)
1110,FTC , エフティーシー
1111,F-TROUPE , エフトゥループ
1112,FUBU ,?フブ
1113,FUCT , ファクト
1114,FULL BLOOD , フルブラッド
1115,FULLCOUNT , フルカウント
1116,FULL LIFE , フルライフ
1117,FULLNELSON , フルネルソン
1118,FUNDAMENTAL AGREEMENT LUXURY , ファンダメンタル・アグリーメント・ラグジュアリー
1119,furfur , ファーファー
1120,FUTURA 2000, フューチュラ・ツーサウザンド
1121,FUTURA LABORATORIES , フューチュラ・ラボラトリーズ
1122,FUTURE TO FUTURE , フューチャートゥーフューチャー
1123,FUTURE ZOMBIE , フューチャーゾンビ
1124,FURLA ,?フルラ
1125,fyah , エフワイエーエイチ
1126,G-BALLER , ジーボーラー　
1127,G1950, ギャラリーナインティフィフティー
1128,Gabor , ガボール
1129,GAIJIN MADE , ガイジンメイド
1130,GalaabenD , ガラアーベント
1131,galaxxxy , ギャラクシー
1132,galcia , ガルシア
1133,GALFY , ガルフィ
1134,Gallery1950, ギャラリーナインティーフィフティ
1135,GALLIANO ,?ガリアーノ
1136,Gals ville , ギャルズビル
1137,Galvanize , ガルヴァナイズ
1138,GAMI , ギャミヌリィ
1139,GANESH , ガネーシュ
1140,GANRYU , ガンリュウ
1141,GANZO ,?ガンゾ
1142,GAP ,?ギャップ
1143,Garbstore , ガーブストア
1144,GARCIA MARQUEZ , ガルシアマルケス
1145,Garcon Wave , ギャルソンウェーブ
1146,GARD? COLLECTIVE（GARDE COLLECTIVE） , ギャルデ・コレクティブ
1147,Gareth Pugh , ガレス・ピュー
1148,GARNI , ガルニ
1149,GARNIER , ガルニエ
1150,GAS , ガス
1151,GAS BOOK?, ガスブック
1152,GASPARD YURIKIEVICH , ギャスパーユルケヴィッチ
1153,GB , ジービー
1154,GDC , ジーディーシー
1155,g.Drive , ジードライブ
1156,GEEGELLAN , ジー・ゲラン
1157,GEEZER , ギーザー
1158,gelato pique , ジェラートピケ
1159,GENDER , ジェンダー
1160,GENERRA , ジェネラ
1161,General Research , ジェネラル・リサーチ
1162,Genetic Denim , ジェネティックデニム
1163,Genetic Manipulation , ジェネティックマニピュレイション
1164,Genny , ジェニー
1165,GEORGE CLEVERLEY , ジョージクレバリー
1166,GEORGE COX , ジョージ・コックス
1167,GEORGIA LOVE , ジョージアラブ
1168,G?rald Genta（Gerald Genta） ,?ジェラルド・ジェンタ
1169,GERM , ジャーム
1170,GERRY , ジェリー
1171,GERRY COSBY ,?ジェリー・コスビー
1172,GETTA GRIP , ゲッタグリップ
1173,GETTRY , ゲットライ
1174,GF , ジーエフ
1175,GFL , ジーエフエル
1176,G&G , ジー・アンド・ジー
1177,G.GUAGLIANONE , ジャンニ.グアリアノーネ
1178,Ghost ,?ゴースト
1179,Giacometti , ジャコメッティ
1180,Giambattista Valli ,?ジャンバティスタヴァリ
1181,Gianfranco Ferre ,?ジャンフランコ・フェレ
1182,Gianvito Rossi , ジャンヴィト・ロッシ
1183,GINNNI BARBATO , ジャンニ・バルバート
1184,GINNNI SERRA , ジャンニ・セッラ
1185,GIANNI VALENTINO , ジャンニ・バレンチノ
1186,Gianni Versace ,?ジャンニ・ヴェルサーチ
1187,GIEVES & HAWKES , ギーブスアンドホークス
1188,GIGGLYROY , ジグリーロイ
1189,gilasoL. , ジラソ-ル
1190,GILBERT GILBERT , ジルベージルベー
1191,gilet , ジレ
1192,Gilt Groupe , ギルト・グループ
1193,GIMME5, ギミファイブ
1194,Giorgio Armani ,?ジョルジオ・アルマーニ
1195,GIORGIO BRATO , ジョルジオブラット
1196,GIO SPORT , ジオスポーツ
1197,GIRARD-PERREGAUX ,?ジラール・ペルゴ
1198,GIRELLI BRUNI , ジレッリブルーニ
1199,GIRLS , ガールズ
1200,giuliano Fujiwara , ジュリアーノ・フジワラ
1201,Giuseppe Zanotti Design , ジュゼッペ ザノッティ デザイン
1202,GIVENCHY ,?ジバンシー
1203,GIVENCHY BY RICCARDO TISCI ,?ジバンシー・バイ・リカルド・ティッシ
1204,GIZA , ギザ
1205,GLAD NEWS , グラッドニュース
1206,glamb ,?グラム
1207,Glass Line , グラスライン
1208,Glen Prince , グレンプリンス
1209,GLENROYAL , グレンロイヤル
1210,GLHEART , ジーエルハート
1211,GLOBAL WORK , グローバルワーク
1212,GLOBE-TROTTER , グローブトロッター
1213,Gloverall , グローバーオール
1214,G.M.R.N , ジーエムアールエヌ
1215,GODLIS , ゴドリス
1216,GODSIZE , ゴッドサイズ
1217,GO HEMP , ゴーヘンプ
1218,Gola , ゴーラ
1219,GOLD 24karats Diggers, ゴールド・トゥエンティーフォーカラッツ・ディガーズ
1220,Golden Bear , ゴールデンベア
1221,GOLDEN GOOSE , ゴールデングース
1222,GOLDGELD , ゴルトゲルト
1223,GoLike-o , ゴライコー
1224,gomme , ゴム
1225,GOMME HOMME , ゴムオム
1226,GOOD ART HLYWD , グッド・アート・ハリウッド
1227,Goodenough , グッドイナフ
1228,GOOD LIFE , グッドライフ
1229,GOOD OL' , グッドオル
1230,goo pop , グーポップ
1231,GOOSE BERRY , グース・ベリー
1232,gorilla , ゴリラ
1233,gorouta , ゴロウタ
1234,GOTCHA , ガッチャ
1235,GOTI , ゴッティ
1236,GOUT COMMUN , グーコミューン
1237,GOWEST , ゴーウエスト
1238,GOYARD ,?ゴヤール
1239,GRACE CONTINENTAL , グレースコンチネンタル
1240,graf , グラフ
1241,GRAFFITY COURAGEUX , グラフィティクラージュ
1242,GRAIL , グレイル
1243,GRAMICCI , グラミチ
1244,GRAND CANYON , グランドキャニオン
1245,Grand Seiko ,?グランドセイコー
1246,granfuse , グランフューズ
1247,GRAN SIGNORE , グラン・シニョーレ
1248,GRAVATI , グラバティ
1249,gravis , グラビス
1250,GREED , グリード
1251,GREEDY GENIU$ , グリディー ジーニアス
1252,green , グリーン
1253,GREEN CLUBS , グリーンクラブ
1254,green edge , グリーンエッジ
1255,green label relaxing , グリーンレーベルリラクシング
1256,green MAN , グリーンマン
1257,GREGORY , グレゴリー
1258,grendha , グレンダ
1259,GRIFFIN , グリフィン
1260,GRIFFIN×BARACUTA , グリフィン×バラクーダ
1261,GRIFFIN×BERGHAUS , グリフィン×ベルグハウス
1262,GRIFONI , グリフォーニ
1263,Grime effect , グライム・エフェクト
1264,GRIM GATE , グリムゲート
1265,GRIMOLDI , グリモルディ
1266,GRIND , グラインド
1267,groovisions , グルービジョンズ
1268,G-SHOCK ,?ジーショック
1269,G-STAR RAW , ジースター
1270,G.T.A , ジーティーアー
1271,G.T. HAWKINS , ジーティーホーキンス
1272,GUCCI ,?グッチ
1273,GUIDI , グイディ
1274,GUILD OF CRAFTS , ギルドオブクラフツ
1275,GUILLAUME LEMIEL , ギヨーム・ルミエール
1276,G-UNIT , ジーユニット
1277,Gustavo Lins , グスタボリンス
1278,GUT'S DYNAMITE CABARETS , ガッツ・ダイナマイト・キャバレーズ
1279,GYMPHLEX , ジムフレックス
1280,GYM MASTER , ジムマスター
1281,Graniph ,?グラフィス
1282,Grass , グラスジーンズ
1283,GUACAMOLE , ガカモレ
1284,GUELL MUSTARD , グエル マスタード
1285,GUESS ,?ゲス
1286,Guy Laroche , ギ・ラロッシュ
1287,GUY ROVER , ギローバー
1288,G.V.G.V. , ジーヴィージーヴィー
1289,G-WAY , ジーウェイ
1290,HABITUAL , ハビチュアル
1291,Haider Ackermann , ハイダー・アッカーマン
1292,H.A.K , ハク
1293,Hakei , ハケイ
1294,Halb , ハルプ
1295,HALL MILANO , ハルミラノ
1296,halluci , ハルシ
1297,HAMILTON ,?ハミルトン
1298,Hamilton-Paris , ハミルトン　パリ
1299,HAMNETT , ハムネット
1300,HANAE MORI ,?ハナエモリ
1301,Han ahn soon , ハン・アン・スン
1302,HANA TO GUITAR（花とギター） , ハナトギター
1303,Hanes , ヘインズ
1304,HANG TEN , ハンテン
1305,Hanhart ,?ハンハルト
1306,HANKY PANKY ,?ハンキーパンキー
1307,H'ANSEN hands to five sense , ハンセンハンズトゥファイブセンス
1308,HARDCORE CHOCOLATE , ハードコアチョコレート
1309,Hard Hit , ハードヒット
1310,HARDY AMIES , ハーディー・エイミス（ハーディ・エイミス）
1311,HARE ,?ハレ
1312,HARICOT ROUGE , ハリコットルージュ
1313,Harriss , ハリス
1314,Harrods ,?ハロッズ
1315,HARVARD , ハーヴァード
1316,HARVEST LABEL , ハーヴェスト・レーベル
1317,HASH BROWNS , ハッシュブラウン
1318,H.at , エイチ・エイティー
1319,HAUTE , オート
1320,havaianas , ハワイアナス
1321,Hawkins , ホーキンス
1322,HAZE , ヘイズ
1323,HbG , エイチビージー
1324,HEAD , ヘッド
1325,HEADERS , ヘッダーズ
1326,HEAD PORTER , ヘッドポーター
1327,HEAD PORTER +PLUS , ヘッドポータープラス
1328,HEADQUARTER , ヘッドクォーター
1329,HEATH , ヒース
1330,Heather , ヘザー
1331,Heatherette , ヘザレット
1332,HEAVEN OR HELL , ヘブンオアヘル
1333,Heavy Machine , ヘビーマシン
1334,HECTIC , ヘクティク
1335,HELL CAT PUNKS , ヘルキャットパンクス
1336,HELLS BELLS , ヘルズベルズ
1337,HELMUT LANG , ヘルムート・ラング
1338,helter skelter , ヘルタースケルター
1339,HeM , ヘム
1340,HEMISPHERE , エミスフィール
1341,HENRIK VIBSKOV , ヘンリクビブスコフ
1342,HENRY BEGUELIN , エンリーベグリン
1343,he;pt , ヘプト
1344,Herchcovitch;jeans , ヘルコヴィッチジーンズ
1345,Heritage stone , ヘリテイジストーン
1346,Herman Miller , ハーマンミラー
1347,HERM?S（HERMES） ,?エルメス
1348,HERZ ,?ヘルツ
1349,HESCHUNG , エシュン
1350,Hestia , ヘスティア
1351,HEX ANTISTYLE , ヘックスアンチスタイル
1352,HG , エイチジー
1353,HIDE AND SEEK , ハイドアンドシーク
1354,HIGH LIGHT CAVALET , ハイライトキャバレー
1355,HIGH NOTCH , ハイノッチ
1356,HIGH!STANDARD , ハイスタンダード
1357,HIGH STREET , ハイストリート
1358,Hiland Club , ハイランドクラブ
1359,HILTON GARAGE , ヒルトンガレージ
1360,HILTON TIME ,?ヒルトンタイム
1361,HIMMY , ハイミー
1362,HIROKO KOSHINO ,?ヒロコ・コシノ
1363,HIROKO KOSHINO SPORTS , ヒロコ・コシノ・スポーツ
1364,hiromichi nakano ,?ヒロミチ・ナカノ
1365,HIROMUT AKAHAR A , ヒロムタカハラ
1366,HIRO YANAGIMACHI , ヒロヤナギマチ
1367,HISUI , ヒスイ
1368,hLam , ラム
1369,H&M ,?エイチアンドエム
1370,h.NAOTO , エイチ・ナオト
1371,h.n.b.m , エイチエヌビーエム
1372,hobo , ホーボー
1373,HOCQY , オキィ
1374,HOGAN , ホーガン
1375,holiday , ホリデイ
1376,HOLLISTER ,?ホリスター
1377,HOLLOOW , ホロウ
1378,Hollywood HOT RODS , ハリウッド・ホットロッズ
1379,HOLLYWOOD RANCH MARKET , ハリウッド・ランチ・マーケット
1380,HOMAREYA , ホマレヤ
1381,HOME BOY , ホームボーイ
1382,HOME' UNDERWEAR , ホームズアンダーウェアー
1383,HOMLESS , ホームレス
1384,Honey Salon by foppish , ハニーサロンバイフォピッシュ
1385,HONEYSUCKLE ROSE , ハニーサックル・ローズ
1386,HORACE , ホレース
1387,HOSU , ホス
1388,HOT COCO , ホット・ココ
1389,HOTEL BUTTERFLY , ホテルバタフライ
1390,HOT HOUSE , ホットハウス
1391,hottie like her , ホッティーライクハー
1392,HOUSE OF ANNE , ハウスオブアンネ
1393,HOUSE OF HOLLAND , ハウス・オブ・ホーランド
1394,Howard ,?ハワード
1395,HOWL and another poem , ハルルアンドアナザーポエム
1396,HOW NATURAL? , ハウナチュラル
1397,H.P.France , アッシュペーフランス
1398,hummel , ヒュンメル
1399,HUMOR , ユーモア
1400,HUNTER , ハンター
1401,HTC , エイチティーシー
1402,HTC BLACK , エイチティーシーブラック
1403,HUDSON , ハドソン
1404,HUF , ハフ
1405,HUGO BOSS ,?ヒューゴ・ボス
1406,HUGO & ENZO , ウーゴ・アンド・エンツォ
1407,HUNTING WORLD ,?ハンティングワールド
1408,Hurley , ハーレー
1409,Hussein Chalayan , フセイン・チャラヤン
1410,HVANA , ハバナ
1411,HYSTERIC GLAMOUR ,?ヒステリック・グラマー
1412,HYSTERICS , ヒステリックス
1413,I , アイ
1414,I am I , アイアムアイ
1415,IBLUES , イブルース
1416,ICB , アイシービー
1417,ICE CREAM , アイスクリーム
1418,ICEBERG , アイスバーグ
1419,ichi-miri , イチミリ
1420,I.D.E.A international ,?イデアインターナショナル
1421,Ideot , イディオット
1422,IENA , イエナ
1423,IENA SLOBE , イエナスローブ
1424,IKKAI JAPAN , イッカイ・ジャパン
1425,ikkuna / suzuki takayuki , イクナスズキタカユキ
1426,ila , アイラ
1427,ila bambina , アイラバンビーナ
1428,IL BISONTE ,?イルビゾンテ
1429,il by saori komatsu , アイエルバイサオリコマツ
1430,ILFARO by LUCIANO BARBERA , イルファーロ・バイ・ルチアーノ・バルベラ
1431,ILIAD , イリアド
1432,iliann loeb , イリアンローヴ
1433,IL'ICH , イリイッチ
1434,ILLDOZER JEANS , イルドーザー・ジーンズ
1435,ILLUSTRATED PEOPLE , イラストレイティッドピープル
1436,IMPALA , インパラ
1437,IN4MATION, インフォメーション
1438,INCERTUS , インケルトゥス
1439,INCOTEX , インコテックス
1440,INCOTEX RED , インコテックス・レッド
1441,indepensense by vanana , インデペンセンスバイバナナ
1442,INDEPENDENT , インディペンデント
1443,Indian , インディアン
1444,INDIGO HAND , インディゴハンド
1445,INDIVI , インディヴィ
1446,INDIVIDUALIZED SHIRTS , インディヴィジュアライズドシャツ
1447,INDUSTRIAL CATEGORY , インダストリアルカテゴリー
1448,INED HOMME , イネドオム
1449,Infinity , インフィニティ
1450,Influence , インフルエンス
1451,INGEBORG ,?インゲボルグ
1452,INGNI ,?イング
1453,INHOMEOUT , インホームアウト
1454,INITIUM , イニシウム
1455,inmercanto , インメルカート
1456,Innosent Heart Laboratory (iHL) ,?イノセント・ハート・ラボラトリー
1457,Inpaichthys kerri , インパクティスケリー
1458,INSIGHT , インサイト
1459,in・som・nia , インソムニア
1460,INTELECTION , インテレクション
1461,INTERFACE , インターフェイス
1462,International Gallery BEAMS ,?インターナショナルギャラリービームス
1463,INTERPLANET , インタープラネット
1464,INVERALLAN , インバーアラン
1465,IOSSELLIANI , イオッセリアーニ
1466,IPATH , アイパス
1467,IRIE BERRY , アイリーベリー
1468,IRIE LIFE , アイリーライフ
1469,I★RISH , アイリッシュ
1470,IRO , イロ
1471,irony , アイロニー
1472,Iroquois , イロコイ
1473,ISAAC SELLAM EXPERIENCE , アイザック・セラム・エクスペリエンス
1474,ISABEL MARANT , イザベル・マラン
1475,ISAMUKATAYAMA BACKLASH , イサムカタヤマ・バックラッシュ
1476,ISBIT , アイズビット
1477,ISBIT GUARDIAN , アイズビット・ガーディアン
1478,is-ness , イズネス
1479,Isola D'ischia , イソラディスキア
1480,ISSEY MIYAKE ,?イッセイミヤケ
1481,ISSEY MIYAKE F?TE , イッセイミヤケ・フェット
1482,istante , イスタンテ
1483,ITALIA INDIPENDENT ,?イタリア インディペンデント
1484,itazura , イタズラ
1485,ITSUS , イットスーツ
1486,ITTY BITTY , イッティービッティー
1487,IVANAhelsinki , イヴァナヘルシンキ
1488,IWAYA FOR DRESS33, イワヤ・フォー・ドレスサーティースリー
1489,IWC ,?インターナショナル・ウォッチ・カンパニー
1490,IZREEL , イズリール
1491,jackass , ジャッカス
1492,JACKROSE ,?ジャックローズ
1493,JACOB COHEN , ヤコブ・コーエン
1494,JAEGER ,?イエーガー
1495,Jaeger-LeCoultre ,?ジャガー・ルクルト
1496,JAIN SHAWLS , ジェーン・ショールズ
1497,JAJABOON , ジャジャブーン
1498,Jam , ジャム
1499,James , ジェームス
1500,JAMES COVIELLO , ジェームズ・コヴィエロ
1501,James Jeans , ジェームスジーンズ
1502,JAMES PERSE , ジェームスパース
1503,JAM HOME MADE ,?ジャムホームメイド
1504,Jamin Puech , ジャマンピュエッシュ
1505,Jas M.B. , ジャスエムビー
1506,Jason Wu , ジェイソン ウー
1507,Jassie , ジャッシー
1508,JAYRO , ジャイロ
1509,JAYRO white , ジャイロホワイト
1510,JBS , ジェイビーエス
1511,J&Company , ジェイアンドカンパニー
1512,J.CREW ,?ジェイクルー
1513,JEANASiS ,?ジーナシス
1514,JEAN DIADEM , ジーンディアデム
1515,jean nassaus , ジーンナッソーズ
1516,JEAN COLONNA , ジャン・コロナ
1517,Jean-Louis Scherrer ,?ジャン＝ルイ・シェレル
1518,Jean-Paul GAULTIER ,?ジャン＝ポール・ゴルチエ
1519,JEAN PATOU ,?ジャン・パトゥ
1520,JEAN-PIERRE BRAGANZA , ジャン＝ピエール・ブラガンザ
1521,Jeffrey Campbell , ジェフリーキャンベル
1522,Jel'emets solo , ジェレメッツソロ
1523,JELLY BEANS , ジェリービーンズ
1524,JELLY GARCIA , ジェリーガルシア
1525,JENETIC DENIM , ジェネティック・デニム
1526,JENEVIEVE , ジュヌヴィエーヴ
1527,JEREMY SCOTT , ジェレミースコット
1528,JET LABEL , ジェットレーベル
1529,JET SET , ジェットセット
1530,Jewel Changes , ジュエルチェンジズ
1531,JEWELS , ジュエルズ
1532,Ji. , ヒピハパ
1533,Jidaiya（時代屋） , ジダイヤ
1534,Jieda , ジエダ
1535,JILL STUART ,?ジル・スチュアート
1536,JIL SANDER ,?ジル・サンダー
1537,Ji.maxx , ジェイアイマックス
1538,Jimmy , ジミー
1539,Jimmy Choo ,?ジミー・チュー
1540,JIST ,?ジスト
1541,Jiva , ジーバ
1542,J.LINDEBERG , ジェイリンドバーグ
1543,J.Lo ,?ジェイロー
1544,J.M. WESTON , ジェーエムウエストン
1545,Jocomomola , ホコモモラ
1546,Joelle Gagnard , ジョエル・ガニャール
1547,JOE'S JEANS , ジョーズジーンズ
1548,JOEY HYSTERIC , ジョーイ・ヒステリック
1549,JOGE MARTIN , ジョージマーチン
1550,Johanna ho , ジョアンナ・ホー
1551,JOHNBULL , ジョンブル
1552,John Galliano ,?ジョン・ガリアーノ
1553,JOHN LAWRENCE SULLIVAN , ジョンローレンスサリバン
1554,JOHN LOBB , ジョンロブ
1555,JOHNNY BLAZE , ジョニーブレイズ
1556,JOHNNY KOOL , ジョニークール
1557,JOHNNYSPADE , ジョニースペード
1558,JOHN RIBBE , ジョン・リブ
1559,JOHN RICHMOND , ジョン・リッチモンド
1560,JOHN'S CLOTHING , ジョンズクロージング
1561,John Severson , ジョン・セバーソン
1562,JOHN SMEDLEY , ジョン・スメドレー
1563,JOHNSONS ,?ジョンソンズ
1564,JOHN TULLOCH , ジョン・タロック
1565,JOKER , ジョーカー
1566,Jolly Boutique ,?ジョリーブティック
1567,JONAK , ジョナック
1568,JOOP , ジョープ
1569,JOSEPH EREUIL , ジョセフ・エロール
1570,JOSEPH , ジョセフ
1571,JOTARO SAITO , ジョウタロウ・サイトウ
1572,JOURNAL STANDARD , ジャーナルスタンダード
1573,JOVOVICH HAWK , ジョボヴィッチホーク
1574,JOY RICH , ジョイリッチ
1575,JPS ,?ジェーピーエス
1576,J&R , ジェイアンドアール
1577,J.Sabatino , ジェイサバティーノ
1578,JUCO. , ジュコ
1579,Judy Blame , ジュディーブレーム
1580,JUGMART , ジャグマート
1581,JUICY COUTURE , ジューシークチュール
1582,Juliana Jabour , ジュリアナジャボール
1583,JULIUS , ユリウス
1584,jun ashida ,?ジュンアシダ
1585,JUNCHINO , ジュンキーノ
1586,JUNCLUB , ジュンクラブ
1587,JUNGHANS ,?ユンハンス
1588,junhashimoto , ジュンハシモト
1589,JUNK FOOD , ジャンクフード
1590,JUNKO KOSHINO ,?ジュンコ・コシノ
1591,JUNKO SHIMADA , ジュンコシマダ
1592,JUNMEN ,?ジュンメン
1593,JUNRED , ジュンレッド
1594,JUNYA WATANABE COMME des GAR?ONS , ジュンヤ・ワタナベ・コム・デ・ギャルソン
1595,JUNYA WATANABE COMME des GAR?ONS MAN , ジュンヤ・ワタナベ・コム・デ・ギャルソン・マン
1596,jupiter GOLD LABEL , ジュピター・ゴールドレーベル
1597,JUST CAVALLI , ジャストカヴァリ
1598,JUSTIN DAVIS , ジャスティンデイヴィス
1599,juvenile hall rollcall , ジュヴェナイルホールロールコール
1600,k3, ケースリー
1601,ka::dinsky , カディンスキー
1602,Kaepa ,?ケイパ
1603,Kaenon , ケーノン
1604,Kai Lani , カイ・ラニ
1605,Kaluluwa , カルルワ
1606,KAMISHIMA CHINAMI , カミシマチナミ
1607,KANGOL ,?カンゴール
1608,Kaon , カオン
1609,KAPITAL , キャピタル
1610,Kappa ,?カッパ
1611,Kareless , ケアレス
1612,KAREN WALKER , カレンウォーカー
1613,KariAng , カリアング
1614,KARL KANI ,?カール・カナイ
1615,Karl Helmut ,?カール・ヘルム
1616,KARMA , カルマ
1617,karrimor , カリマー
1618,kartell , カルテル
1619,KASHURA , カシュラ
1620,KASIL , カシル
1621,Kate Ruber , ケイトラバー
1622,kate spade , ケイトスペード
1623,KATHARINE HAMNETT ,?キャサリン・ハムネット
1624,Katie , ケイティ
1625,KAZUTAKA KATOH , カズタカ・カトウ
1626,KAZUYUKI KUMAGAI ATTACHMENT , カズユキクマガイ・アタッチメント
1627,KAZZROCK ORIGINAL , カズロックオリジナル
1628,KBF , ケイビーエフ
1629,K.C.malhan , ケー・シー・マルハン
1630,Keds ,?ケッズ
1631,KEEN ,?キーン
1632,keep , キープ
1633,KEiKA , ケイカ
1634,Keikiii , ケイキィー
1635,KEIKO SUZUKI COLLECTION , ケイコスズキコレクション
1636,KEITA MARUYAMA TOKYO PARIS ,?ケイタ・マルヤマ（丸山敬太）
1637,KEMPEL , ケンペル
1638,KENJI ITO COMME ?A COLLECTION（KENJI ITO COMME CA COLLECTION） , ケンジ・イトウ・コムサ・コレクション
1639,KEN&YUTA , ケンアンドユータ
1640,KENZO ,?ケンゾー
1641,KENZO MINAMI , ケンゾーミナミ
1642,Ketty , ケティ
1643,KEYTH , キース
1644,Khaju SHIPS JET BLUE , カージュシップスジェットブルー
1645,KICKS LAB. , キックスラボ
1646,KIDS , キッズ
1647,KiiTOS , キートス
1648,KIKS TYO , キックスティーワイオー
1649,Kilgour , キルガー
1650,kilke select , キルケ・セレクト
1651,KILLCITY , キルシティ
1652,KILLER TREASURE , キラートレジャー
1653,kiminori morishita , キミノリモリシタ
1654,KIM JONES , キムジョーンズ
1655,Kim songhe , キムソンヘ
1656,Kima Norway , キマノルウェー
1657,KIN , キン
1658,kinetics , キネティックス
1659,KINGLY THEATRE PRODUCTS ,?キングリー・シアタープロダクツ
1660,KING MOB , キングモブ
1661,KING OF DIGGIN' , キングオブディギィン
1662,KINO , キノ
1663,kinoshohampu（木の庄帆布） , キノショウハンプ
1664,KIRALY , キラリー
1665,kiryuyrik , キリュウキリュウ
1666,kitica , キチカ
1667,KITON , キトン
1668,kitson LA ,?キットソン・エルエー
1669,KITSUNE , キツネ
1670,KiU , キウ
1671,KJGREEN JAMAICANSTYLE , ケイジェイグリーン・ジャマイカンスタイル
1672,KKOK , コック
1673,KLARA , クララ
1674,Klim , クライム
1675,K-LIFE , ケーライフ
1676,K.M.P , ケーエムピー
1677,KNACK , ナック
1678,KNAVE , ネイヴ
1679,KNIGHT ERRANT , ナイトエラン
1680,Kno Better , ノーベター
1681,KNOCKOUT , ノックアウト
1682,KNOCKS , ノックス
1683,KNOT , ノット
1684,Knot/not , ノットノット
1685,Koji ARUGA , コウジ・アルガ
1686,KOKOBUKI , ココブキ
1687,Kokon to zai (KTZ) , ココントーザイ
1688,kolor , カラー
1689,KONTORSION , コントーション
1690,Kooba ,?クーバ
1691,KOOS , コース
1692,Kriminal , クリミナル
1693,KRINK , クリンク
1694,KRIS VAN ASSCHE , クリスヴァンアッシュ
1695,KRIZIA ,?クリツィア
1696,KRYPTON , クリプトン
1697,Ksubi , スビ
1698,K-SWISS , ケースイス
1699,Ku Ambiance , クーアンビエンス
1700,KUUMBA , クンバ
1701,KWAK , クワック
1702,Kyoji Maruyama , キョウジマルヤマ
1703,KYOKO HIGA , キョウコ・ヒガ
1704,la Bala , ラ・バーラ
1705,LABEL UNDER CONSTRUCTION , レーベルアンダーコンストラクション
1706,Labrador Retriver , ラブラドール・リトリーバー
1707,LABRAT , ラブラット
1708,L'Agence , ラジャンス
1709,LACOSTE ,?ラコステ
1710,LaCrosse , ラクロス
1711,LAD MUSICIAN?, ラッドミュージシャン
1712,Ladore ships , ラドアシップス
1713,LAGACHE , ラガチェ
1714,LAGUST , ラガス
1715,LAISSE PASSE , レッセ パッセ
1716,Laiza , ライザ
1717,LAKAI LIMITED FOOTWEAR , ラカイ・リミテッド・フットウェア
1718,LA/MOF , ラムフ
1719,Lancel ,?ランセル
1720,LANDSCAPE PRODUCTS , ランドスケーププロダクツ
1721,LANDWARDS , ランドワーズ
1722,Language , ランゲージ
1723,LANVIN ,?ランバン
1724,LANVIN en Bleu , ランバン・オン・ブルー
1725,LAPINE ,?ラピーヌ
1726,LAPIS BEAMS ,?ラピスビームス
1727,Lara Bohinc , ララ・ボーヒンク
1728,Lara & Heart , ララアンドハート
1729,La Redoute ,?ラ・ロドゥット
1730,Laula , ラウラ
1731,LAUNDRY , ランドリー
1732,L'AUTRE CHOSE , ロートレショーズ
1733,LAVENHAM , ラベンハム
1734,LEAK WEAR , リークウェア
1735,L'ECLAIREUR TOKYO ,?レクレルール・トーキョー
1736,le coq sportif ,?ル・コック・スポルティフ
1737,Lee ,?リー
1738,Lee by SAMMLER , リー バイ ザムラー
1739,LEE COLLECTION , リー コレクション
1740,Le・feter , ルフェテ
1741,LE GLAZIK , ル・グラジック
1742,le joli monde , ジョリー・モンド
1743,LE JOUR , ル・ジュール
1744,LEMAIRE , ルメール
1745,LEMAR&DAULEY , レマー＆ダーレー
1746,LEMINOR , ルミノール
1747,Le Minor , ルミノア
1748,LEPSIM LOWRYS FARM , レプシィム・ローリーズファーム
1749,les cinq sens HOMME , サンクセンスオム
1750,LeSportsac ,?レスポートサック
1751,Les Prairies de Paris , レ・プレリー・ド・パリ
1752,Les Six , レ・シス
1753,LESS THAN HUMAN , レスザンヒューマン
1754,LeTIGRE , ル・ティグレ
1755,Let it Ride , レットイットライド
1756,Levi's ,?リーバイス
1757,Lewis Leathers , ルイスレザー
1758,LEXON , レクソン
1759,LEXX MODA , レックスモーダ
1760,LEYTON HOUSE ,?レイトンハウス
1761,LF Stores , エルエフストアース
1762,LHP , エルエイチピー
1763,Libenham , リベンハム
1764,Libera FANTASISTA , リベラ・ファンタジスタ
1765,Liberum arbitrium , リベルムアルビトリウム
1766,LIDFORT , リドフォルト
1767,liflattie ships , リフラッティ・シップス
1768,LIGHCA SELECT , ライカセレクト
1769,Lightning Bolt , ライトニングボルト
1770,ligne roset , リーン・ロゼ
1771,LIL ALMOND , リルアーモンド
1772,LILICROBE , リリクローブ
1773,LILT , リルト
1774,Liliana , リリアーナ
1775,Lily , リリイ
1776,lilytoe , リリィトゥ
1777,LIMI feu ,?リミ・フゥ
1778,LINDA , リンダ
1779,LINGUA FRANCA , リングァフランカ
1780,LIN-KU（輪怐） , リンク
1781,LION HEART , ライオンハート
1782,LIP ,?リップ
1783,LIP SERVICE , リップサービス
1784,"Liquor, woman and tears ", リカーウーマンアンドティアーズ
1785,LISS , リス
1786,listener , リスナー
1787,LISTEN FLAVOR , リッスンフレーバー
1788,LITH , リズ
1789,LITHIUM FEMME , リチウムフェム
1790,LITHIUM HOMME , リチウムオム
1791,little emblem , リトルエンブレム
1792,LIVIANA CONTI , リビアナ・コンティ
1793,LIZ LISA ,?リズリサ
1794,LIVE MECHANICS , ライブメカニクス
1795,L&KONDO , ルコンド
1796,L.L.Bean ,?エルエルビーン
1797,LM ALTIERI , エルエム・アルティエリ
1798,LOBBS , ロブス
1799,LOEWE ,?ロエベ
1800,LOFU , ローフー
1801,Logrom , ログロム
1802,LOLO , ロロ
1803,LONDONSOLE , ロンドンソール
1804,LONGINES ,?ロンジン
1805,LONO , ロノ
1806,LONSDALE , ロンズデール
1807,loomstate , ルームステート
1808,Lopi Fumulau , ロピ フムラウ
1809,Loree Rodkin , ローリーロドキン
1810,LORETO , ロレート
1811,LORINZA , ロリンザ
1812,LORO PIANA , ロロピアーナ
1813,Lost dessau , ロストデッサウ
1814,LOUIS VUITTON ,?ルイ・ヴィトン
1815,LOUNGE LIZARD , ラウンジリザード
1816,LOVEBUZZ , ラブバズ
1817,LOVE COULEUR , ラブクレール
1818,LOVELESS , ラブレス
1819,Love&Peace&Money , ラブアンドピースアンドマネー
1820,LOWRIDER , ローライダー
1821,LOWRYS FARM ,?ローリーズファーム
1822,LRG , エルアールジー
1823,Luciano Lombardi ,?ルチアーノ・ロンバルディ
1824,Lucien Pellat-Finet ,?ルシアン・ペラフィネ
1825,LUCKY13, ラッキーサーティーン
1826,Lucky Brand , ラッキーブランド
1827,LUCKY STORE , ラッキーストア
1828,Luella , ルエラ
1829,LUFT , ルフト
1830,LUGGAGE LABEL ,?ラゲッジ・レーベル
1831,LUGZ , ラグズ
1832,LUIGI BORRELLI ,?ルイジ・ボレッリ
1833,LUMINOX ,?ルミノックス
1834,Luna Plena , ルーナプレーナ
1835,LUST FOR LIFE , ラストフォーライフ
1836,Luxage , ルクサージュ
1837,LUZ , ルース
1838,L'Wren Scott ,?ローレン・スコット
1839,LYLE&SCOTT , ライルアンドスコット
1840,LyricisM , リリシズム
1841,LSF , エルエスエフ
1842,M16, エムシックスティーン
1843,MABITEX , マビテックス
1844,maccheronian , マカロニアン
1845,machiko yanada , マチコヤナダ
1846,MACKDADDY , マックダディ
1847,MACKINTOSH PHILOSOPHY , マッキントッシュ・フィロソフィー
1848,MACKNIGHT , マックナイト
1849,macotton , マコットン
1850,MAD , マッド
1851,Madam Gre , マダム・グレ
1852,MAD DOG ROCKERS , マッドドッグロッカーズ
1853,Made in COLKINIKHA , メイドインコルキニカ
1854,MADE IN MARCHE , メイドインマルケ
1855,MADE IN WORLD , メイドインワールド
1856,Madewell , メイドウェル
1857,MAD FOOT , マッドフット
1858,MADPAGER , マッドペイジャー
1859,MADS NORGAARD , マッツノーガード
1860,Magical Design , マジカルデザイン
1861,MAGICAL MOSH MISFITS , マジカルモッシュミスフィッツ
1862,MAGIC NUMBER , マジック ナンバー
1863,Magic Wash , マジック ウォッシュ
1864,Magine , マージン
1865,MAGIS , マジス
1866,MAGNA MATER , マグナマーテル
1867,magneT , マグネット
1868,Magnetic , マグネティック
1869,Magnum Force , マグナムフォース
1870,MAHARISHI , マハリシ
1871,MAIDEN NOIR , メイデン・ノワール
1872,Maison Martin Margiela ,?メゾン・マルタン・マルジェラ
1873,Maison Michel , メゾンミッシェル
1874,maje , マージュ
1875,Majestic , マジェスティック
1876,MAJESTIC LEGON , マジェスティックレゴン
1877,makapu'u , マカブー
1878,MAKAVELI BRANDED , マキャヴェリ・ブランド
1879,MAKIN JANMA , マキンヤンマ
1880,maktig , マクティグ
1881,MALIPARMI , マリパルミ
1882,MALKOMALKA , マルコマルカ
1883,malo , マーロ
1884,Mambo , マンボ（マンボ・グラフィックス）
1885,MANDARINA DUCK ,?マンダリナ・ダック
1886,MANDO , マンドゥ
1887,Mangrove , マングローブ
1888,Manhattan Portage , マンハッタンポーテージ
1889,Manhattan Passage , マンハッタンパッセージ
1890,manics , マニックッス
1891,MANIK , マニーク
1892,MANKIND , マンカインド
1893,Manolo Blahnik ,?マノロ・ブラニク
1894,Manual Alphabet , マニュアルアルファベット
1895,MANUFACTORY , マニュファクトリー
1896,manydope , メニードープ
1897,MAR , メーア
1898,marble , マーブル
1899,MARBLE & Co. , マーブル・アンド・コー
1900,MARC ECK? FOOTWEAR（MARC ECKO FOOTWEAR） , マーク・エコー・フットウェア
1901,MARC ECK? LEATHER（MARC ECKO LEATHER） , マーク・エコー・レザー
1902,MARC ECK? SCOPES（MARC ECKO SCOPES） , マーク・エコー・スコープス
1903,MARC ECK? WATCHES（MARC ECKO WATCHES） , マーク・エコー・ウォッチズ
1904,marcell , マルセル
1905,marchercher , マーシェルシェ
1906,MARC JACOBS ,?マーク・ジェイコブス
1907,MARC BY MARC JACOBS , マーク・バイ・マーク・ジェイコブス
1908,MARCOMONDE , マルコモンド
1909,MARCO PESCAROLO , マルコ・ペスカローロ
1910,MARCO TAGLIAFERRI , マルコ・タリアフェリ
1911,MarcRico , マルク・リコ
1912,MARGARET HOWELL ,?マーガレット・ハウエル
1913,Maria Bonita Extra , マリアボニータエクストラ
1914,maricaBu active beauties , マリカブ・アクティブ・ビューティーズ
1915,Marie Merci? , マリー・メルシエ
1916,Mariko Kohga , マリコ・コウガ
1917,MARILYN MOON , マリリンムーン
1918,marimekko ,?マリメッコ
1919,MARINI , マリーニ
1920,MARIOS , マリオス
1921,MARIO VALENTINO ,?マリオ・ヴァレンティーノ
1922,MARITHE + FRANCOIS GIRBAUD ,?マリテ+フランソワ・ジルボー
1923,Marjolijn Van den Heuvel , マジョリン・ヴァン・デン・ウーベル
1924,marka , マーカ
1925,MARKAWEAR , マーカウェア
1926,MARK&LONA?,?マークアンドロナ
1927,MARMOT , マーモット
1928,Marmot by whiz , マーモットバイウィズ
1929,MARNI ,?マルニ
1930,MARO , マーロ
1931,M.A.R.S , マーズ
1932,MARSELL , マルセル
1933,Martin , マーティン
1934,MARVELETS , マーヴェレッツ
1935,MASAKI MATSUSHIMA , マサキマツシマ
1936,MASH , マッシュ
1937,MASON'S , メイソンズ
1938,Massimo Dutti , マッシモ・デュッティ
1939,mastermind JAPAN , マスターマインドジャパン
1940,MASTERPIECE , マスターピース
1941,MATERNA , マテルナ
1942,MATERNITY , マタニティー
1943,Matix , マティックス
1944,matohu , マトフ
1945,Matthew Williamson , マテューウィリアムソン
1946,MAURICE LACROIX ,?モーリス・ラクロア
1947,MAURIZIO PECORARO , マウリツィオ・ペコラーロ
1948,MAVERTEAM , マーベルティーム
1949,Max Mara ,?マックスマーラ
1950,MAX&CO ,?マックスアンドコー
1951,max six , マックスシックス
1952,MAYSON GREY , メイソングレー
1953,MAZE , メイズ
1954,M.C.D MACHINE , エムシーディーマシン
1955,McGREGOR , マクレガー
1956,McGREGOR Budge Dragon , マクレガーバッジドラゴン
1957,MCM , エムシーエム
1958,McQ , マックキュー
1959,Mc Sister ,?エムシーシスター
1960,MCW , エムシーダブリュー
1961,MCW STAR , エムシーダブリュースター
1962,me , ミイ
1963,mean , ミーン
1964,MECCA , メッカ
1965,MEDICOM TOY , メディコムトイ
1966,Meissi , メイシ
1967,me jane , ミー・ジェーン
1968,Melanies Masker , メラニーズ・マスカー
1969,melissa , メリッサ
1970,Melthelm ,?メルトヘルム
1971,MENICHETTI , メニケッティー
1972,MEN'S BIGI ,?メンズビギ
1973,MEN'S MELROSE , メンズメルローズ
1974,MEN'S TENORAS , メンズティノラス
1975,MEOSHE , ミオシ
1976,mercenary , マーセナリー
1977,"mercibeaucoup, ",?メルシーボークー
1978,MERCURY DUO , マーキュリーデュオ
1979,MERRELL ,?メレル
1980,MERVEILLE H. , メルベイユ・アッシュ
1981,METROPIA , メトロピア
1982,me you , ミユ
1983,MHI by maharishi , エムエイチアイ・バイ・マハリシ
1984,MICHAEL BASTIAN , マイケル・バスティアン
1985,MICHAEL KORS ,?マイケル・コース
1986,MICHAEL TAPIA , マイケルタピア
1987,MICHEL KLEIN ,?ミッシェルクラン
1988,MICHEL KLEIN HOMME , ミッシェルクランオム
1989,MICHIKO LONDON ,?ミチコ・ロンドン
1990,MICHIKO LONDON JEANS ,?ミチコ・ロンドン・ジーンズ
1991,MICHIYO INABA , ミチヨ・イナバ
1992,MIDO ,?ミドー
1993,MIDWEST , ミッドウエスト
1994,MIFUNE , ミフネ
1995,MIHARA YASUHIRO ,?ミハラヤスヒロ
1996,miina perhonen , ミナペルホネン
1997,Mikako Nakamura , ミカコナカムラ
1998,Mike & Chris , マイクアンドクリス
1999,MIKI FUKAI , ミキフカイ
2000,Miki House ,?ミキハウス
2001,mikia , ミキア
2002,MIKIO SAKABE , ミキオサカベ
2003,MILITANT PACIFIST , ミリタント・パシフィスト
2004,MILK ,?ミルク
2005,MILKBOY , ミルクボーイ
2006,MILKFED. , ミルクフェド
2007,MILLER , ミラー
2008,Milok , ミロック
2009,mimi&roger , ミミアンドロジャー
2010,mina perhonen ,?ミナ・ペルホネン
2011,MIND BLOW , マインドブロウ
2012,mine , マイン
2013,MINI A TURE , ミニアチュア
2014,MINIMUM , ミニマム
2015,minimum minimum , ミニマムミニマム
2016,miniyu , ミニュー
2017,Minnetonka , ミネトンカ
2018,MINOTAUR , ミノトール
2019,min plume , ミンプリュム
2020,min@RNA , ミン・アット・アールエヌエー
2021,mintdesigns ,?ミントデザインズ
2022,mio.y , ミオ
2023,Mila Sch?n ,?ミラ・ショーン
2024,mirabella , ミラベラ
2025,misaharada , ミサハラダ
2026,MISCH MASCH , ミッシュマッシュ
2027,Misericordia , ミサリコーディア
2028,MISHKA , ミシカ
2029,MISS L-FIRE , ミスエルファイア
2030,MISSONI ,?ミッソーニ
2031,MISS SIXTY , ミスシックスティ
2032,MISS WAX , ミスワックス
2033,mistral , ミストラル
2034,mita sneakers , ミタスニーカーズ
2035,MITCHELL & NESS , ミッチェルアンドネス
2036,miu miu ,?ミュウミュウ
2037,miusa , ミューザ
2038,mix sense , ミックスセンス
2039,MIZUNO CREATION , ミズノクリエイション
2040,M&M , エムアンドエム
2041,MM6, エムエムシックス
2042,m&m&m's , エムアンドエムアンドエムズ
2043,MOBSTYLES , モブスタイル
2044,MODE ACOTE , モードアコテ
2045,Mode et Jacomo , モードエジャコモ
2046,Modern Amusement , モダンアミューズメント
2047,MODERN LOVERS , モダンラヴァーズ
2048,MODERN PIRATES , モダンパイレーツ
2049,MofM(man of moods) , マンオブムーズ
2050,MOLD CASE , モールドケース
2051,molfic , モルフィック
2052,mollive , モリーヴ
2053,Molnija（Молния） ,?モルニヤ
2054,Molo Kids , モロキッズ
2055,MOMA , モマ
2056,MONCLER ,?モンクレール
2057,MONCLER Gamme Bleu , モンクレール・ガム・ブルー
2058,MONCLER Gamme Rouge , モンクレール・ガム・ルージュ
2059,monikoto , モニコト
2060,Monkee Genes , モンキージーンズ
2061,monogram , モノグラム
2062,monomania , モノマニア
2063,MONSIEUR NICOLE , ムッシュニコル
2064,montage , モンタージュ
2065,MONTBLANC ,?モンブラン
2066,Mon tsuki , モンツキ
2067,Moonage Devilment , ムーンエイジデビルメント
2068,MOON STONE , ムーンストーン
2069,MORABITO ,?モラビト
2070,MORE FOCUSED SELECT , モアフォーカスドセレクト
2071,MORGAN , モルガン
2072,MORGAN HOMME , モルガンオム
2073,MORPHINE GENERATION , モーフィンジェネレーション
2074,MotorFist , モーターフィスト
2075,MOS , モス
2076,MOSCHINO ,?モスキーノ
2077,MOSSIMO , モッシモ
2078,MOSSLIGHT , モスライト
2079,Motel , モーテル
2080,mother , マザー
2081,MOTIVE , モーティブ
2082,MOTIVE TOUGH , モーティブ・タフ
2083,MOUNTAIN RESEARCH , マウンテンリサーチ
2084,moussy , マウジー
2085,MOUT , マウト
2086,MOVADO ,?モバード
2087,Moynat ,?モワナ
2088,MPS , エムピーエス
2089,Mr.Junko , ミスタージュンコ
2090,Mr.OLIVE , ミスターオリーブ
2091,MR.OLIVE(Eagle Of Independence) , イーグル・オブ・インデペンデンス
2092,MSGR , メッセンジャー
2093,m.soeur , エムスール
2094,MSPC , エムエスピーシー
2095,mt , エムティー
2096,muchacha , ムチャチャ
2097,muchacha nene , ムチャチャ・ネネ
2098,muchacha nino , ムチャチャ・ニーニョ
2099,mudoca , ムドカ
2100,M?hle Glash?tte（Muhle Glashutte） ,?ミューレ・グラスヒュッテ
2101,MUJI（無印良品） , ムジルシリョウヒン
2102,MULBERRY ,?マルベリー
2103,MULTIPLE MARMELADE , マルティプルマーマレード
2104,Munsingwear ,?マンシングウェア
2105,mur mur , マーマー
2106,Murder License , マーダーライセンス
2107,MURUA , ムルーア
2108,museum neu , ミュージアム・ニュー
2109,MVRK , エムブイアールケー
2110,Mykonos工房 , ミコノス工房
2111,M.Y.LABEL , エム・ワイ・レーベル
2112,n゜11, ナンバージュウイチ
2113,N2, エヌドゥ
2114,N4, エヌフォー
2115,n゜ 44, ナンバーヨンジュウヨン
2116,NADA. , ナダ
2117,nai chi chi , ナイチチ
2118,naisia , ナイシア
2119,nakEd bunch , ネイキド・バンチ
2120,nanamica , ナナミカ
2121,nana nadesico , ナデシコ
2122,NANNINI , ナンニーニ
2123,nano・universe , ナノユニバース
2124,nano・universe GROUND FLOOR , ナノユニバース・グランドフロア
2125,NAOKI TAKIZAWA , ナオキタキザワ
2126,NAPATOR , ナパトール
2127,NARACAMICIE ,?ナラカミーチェ
2128,narciso rodriguez , ナルシソロドリゲス
2129,NARCOTIC , ナーコティック
2130,NARRATIVE PLATOON , ナラティブ・プラトゥーン
2131,NARVI’K , ナルヴィック
2132,NATURAL BEAUTY , ナチュラルビューティー
2133,NATURAL BEAUTY BASIC ,?ナチュラルビューティーベーシック
2134,N.Natural Beauty Basic , エヌ ナチュラルビューティーベーシック
2135,natuRAL vintage , ナチュラルヴィンテージ
2136,Naughty , ノーティー
2137,NAUTICA ,?ノーティカ
2138,NAUTICA JEANS , ノーティカジーンズ
2139,NAVAL RESEARCH , ネイバルリサーチ
2140,navasana , ナバアサナ
2141,navy natural , ネイビー・ナチュラル
2142,Navy produce , ネイビープロデュース
2143,n.d.c. nom de code , エヌ・ディー・シー
2144,near.nippon , ニアーニッポン
2145,Needles , ニードルス
2146,NEIGHBORHOOD , ネイバーフッド
2147,NEIL BARRETT , ニール・バレット
2148,NENEKACHILE , ネネカシレ
2149,N?-net , ネ・ネット
2150,Neon , ネオン
2151,NEPENTHES , ネペンテス
2152,NESTA BRAND , ネスタブランド
2153,new balance , ニューバランス
2154,New Era , ニューエラ
2155,New Look , ニュールック
2156,NEXD , ネクスド
2157,NEXUS7, ネクサスセブン
2158,NEW YORK HAT , ニューヨークハット
2159,NEW:Z , ヌーズ
2160,NGAP , エヌジーエーピー
2161,N.HOOLYWOOD , エヌハリウッド
2162,N.HOOLYWOOD underwear , エヌハリウッドアンダーウェアー
2163,NICE CLAUP , ナイスクラップ
2164,NICE COLLECTIVE , ナイスコレクティブ
2165,Nicholas Kirkwood , ニコラス・カークウッド
2166,NICKY , ニッキー
2167,NICOLAS ANDREAS TARALIS , ニコラ・アンドレア・タラリス
2168,NICOLE ,?ニコル
2169,NICOLE CLUB FOR MEN , ニコルクラブフォーメン
2170,Nicole Farhi ,?ニコル・ファーリ
2171,Nicole Miller , ニコル ミラー
2172,NIKE ,?ナイキ
2173,NIKE SB , ナイキエスビー
2174,nil admirari , ニル・アドミラリ
2175,nina mew , ニーナ・ミュウ
2176,NINA RICCI ,?ニナ・リッチ
2177,NINE , ナイン
2178,NINE RULAZ , ナインルーラーズ
2179,ninita , ニニータ
2180,NIR , ニーウ
2181,nitca , ニトカ
2182,nitraid , ナイトレイド
2183,NITRICH , ナイトリッチ
2184,nitrow , ナイトロウ
2185,NIX MFG , ニックスマニュファクチャリング
2186,Nixon ,?ニクソン
2187,No. 21, ナンバートゥエンティワン
2188,Noble , ノーブル
2189,NO FEAR , ノーフィアー
2190,noglam , ノーグラム
2191,NO ID. , ノーアイディー
2192,NOIR , ノワール
2193,noir kei ninomiya, ノワール　ケイニノミヤ
2194,NOLCA , ノルカ
2195,N?MA , ノーマ
2196,nombre impair , ノンブルアンベール
2197,NOM*D , ノムディ
2198,Nom de Guerre , ノムデゲール
2199,NOMMOC , ノモク
2200,nonnative , ノンネイティブ
2201,NOOKA , ヌーカ
2202,noon , ヌーン
2203,no one else , ノーワンエルス
2204,no quiet , ノークワイエット
2205,NOR’EASTERLY , ノーイーストリー
2206,norikoike , ノリコイケ
2207,NORTH SHORE CHOCOLATE COMPANY , ノースショアチョコレートカンパニー
2208,North Star , ノーススター
2209,NOSH , ノッシ
2210,NOSH and CIMMON , ノッシアンドシモン
2211,Nostalism , ノスタリズム
2212,Notify , ノティファイ
2213,NOT SOLID/LIQUID , ノットソリッドスラッシュリキッド
2214,nouno , ノウノ
2215,Nouvelle Lemania ,?ヌーベル・レマニア
2216,NOVESPAZIO , ノーベスパジオ
2217,NOYHAIT , ノイハイト
2218,NOZOMI ISHIGURO , ノゾミイシグロ
2219,NOZOMI ISHIGURO GOLD , ノゾミイシグロ・ゴールド
2220,NOZOMI ISHIGURO Haute Couture , ノゾミイシグロ・オートクチュール
2221,NOZOMI ISHIGURO white , ノゾミイシグロ・ホワイト
2222,NQ+ , エヌキュープラス
2223,nude:masahiko maruyama , ヌードマサヒコマルヤマ
2224,Nudie Jeans , ヌーディ・ジーンズ
2225,numb , ナム
2226,NUMBER (N)INE ,?ナンバーナイン
2227,NUMERO UNO , ヌメロ ウーノ
2228,Nuts , ナッツ
2229,nutsANDbones , ナッツアンドボーンズ
2230,OAKLEY ,?オークリー
2231,OBASUKA ,?オバスカ
2232,Obelisk , オベリスク
2233,OBESITY AND SPEED , オベシティアンドスピード
2234,OBEY , オベイ
2235,occupy , オキュパイ
2236,OCEAN SIDE , オーシャンサイド
2237,OCTOPUS ARMY , オクトパスアーミー
2238,ODD-EVEN , オッドイーブン
2239,Odette e Odile , オデットエオディール
2240,odeur , オドゥール
2241,OFFICINE PANERAI ,?オフィチーネ・パネライ
2242,ofuon , オフオン
2243,OKIRAKU , オキラク
2244,OKURA , オクラ
2245,OHNE TITEL , オーニ　ティテル
2246,OLD ENGLAND ,?オールドイングランド
2247,OLD NAVY ,?オールドネイビー
2248,Olivier Theyskens , オリビエ・ティスケンス
2249,OMEGA ,?オメガ
2250,OMNIGOD , オムニゴッド
2251,ONCE UPON A TIME , ワンス・アポン・ア・タイム
2252,O'NEILL , オニール
2253,ONE GRAVITY , ワングラビティ
2254,ONE True Saxon , ワントゥルーサクソン
2255,one*way , ワンワェイ
2256,ONITSUKA TIGER ,?オニツカタイガー
2257,onteks , オンテクス
2258,on the couch , オンザカウチ
2259,OPEN ARMS , オープンアームズ
2260,Optimystik , オプティミスティック
2261,Optitude , オプティチュード
2262,ORCIVAL , オーチバル
2263,or Glory , オアグローリー
2264,ORIALI , オリアーリ
2265,ORIAN , オリアン
2266,ORIENT ,?オリエント
2267,Original , オリジナル
2268,ORIS ,?オリス
2269,Orobianco , オーロビアンコ（オロビアンコ）
2270,Oscar de la Renta ,?オスカー・デ・ラ・レンタ
2271,OSHIMA REI , オオシマ・レイ
2272,OSHKOSH ,?オシュコシュ
2273,OSMOSIS , オズモーシス
2274,OSSA DENIMS , オッサデニム
2275,OSSA MONDO , オッサモンド
2276,other , アザー
2277,Other Colours Project , アザーカラーズ・プロジェクト
2278,OTO , オト
2279,OURET , オーレット
2280,OUTDOOR , アウトドア
2281,OUTKAST , アウトキャスト
2282,OVER THE STRIPES , オーバーザストライプス
2283,OVER THE TWELVE , オーバーザトゥウェルブ
2284,Overland , オーバーランド
2285,OWL opticwarlock , オウル オプティックワーロック
2286,OZONO , オオゾノ
2287,OZNOts , オズノッツ
2288,OZOC ,?オゾック
2289,OZONE ROCKS , オゾンロックス
2290,pacca pacca , パッカパッカ
2291,paco rabanne ,?パコ ラバンヌ
2292,PADRONE , パドローネ
2293,PAGEBOY , ページボーイ
2294,PAGELO , パジェロ
2295,Palais de Robe , パレドローブ
2296,PALLADIUM , パラディウム
2297,PALM , パーム
2298,Palme d'Or , パルムドール
2299,Palms & Labskie , パームスアンドラブスキー
2300,PAM , パム
2301,Pamela Mann , パメラマン
2302,Panama Hat , パナマハット
2303,Paola Frani , パオラ・フラーニ
2304,PAOLA FRANI J. , パオラ・フラーニ・ジェイ
2305,PAOLO PECOLA , パオロペコラ
2306,paper chest , ペーパーチェスト
2307,Paper Denim & Croth , ペーパーデニムアンドクロス
2308,PARANOID , パラノイド
2309,Parasuco , パラスコ
2310,PAR ICI , パーリッシィ
2311,PARIS , パリス
2312,Parker , パーカー
2313,PARTO SPORT , パルトスポーツ
2314,Pas de calais , パドカレ
2315,PATAGONIA ,?パタゴニア
2316,PATEK PHILIPPE ,?パテック・フィリップ
2317,PATRIZIA PEPE , パトリツィア・ペペ
2318,PATRICK , パトリック
2319,patrick cox , パトリックコックス
2320,PATRICK STEPHAN , パトリック・ステファン
2321,Patti , パティ
2322,PAUL FRANK , ポール・フランク
2323,Paul Harnden , ポールハーデン
2324,Pauline , ポーリーヌ
2325,PAUL&JOE , ポールアンドジョー
2326,Paul Smith ,?ポール・スミス
2327,Paul Smith JEANS ,?ポール・スミス・ジーンズ
2328,Paul Stuart , ポール・スチュアート
2329,Pauric Sweeny , ポーリックスウィーニー
2330,P.Cornillon , ピーコルニロン
2331,PEACE NOW , ピースナウ
2332,Peace Project , ピースプロジェクト
2333,PEAK'D YELLOW , ピークドイエロー
2334,PEEK-A-BOO , ピーカブー
2335,PEGASO , ペガソ
2336,pellepelle , ペレペレ
2337,PELSO , ペルーゾ
2338,PENELOPE , ペネロープ
2339,PEN FIELD , ペンフィールド
2340,PENNY BLACK , ペニー・ブラック
2341,Pepe Jeans , ペペ・ジーンズ
2342,PEPITA D'ORO , ペピータドロ
2343,Perle Peche , ペルルペッシュ
2344,PERON & PERON , ペロンペロン
2345,Persil , ペルシー
2346,PERSON'S FOR MEN , パーソンズ・フォー・メン
2347,PETAR PETROV , ペーターペトロフ
2348,Peter Jensen , ピーターイェンセン
2349,peter kit , ペーターキット
2350,PETIT BATEAU , プチバトー
2351,PETRONIUS , ペトロニウス
2352,PF by PAOLA FRANI , ピーエッフェ・バイ・パオラ・フラーニ
2353,PHATEE , ファッティー
2354,PHAT FARM , ファットファーム
2355,Ph Blue , ペーハーブルー
2356,PHENOMENON , フェノメノン
2357,phenomenon beyond description , フェノメノンビヨンドディスクリプション
2358,PHERROW'S , フェローズ
2359,PHI , フィー
2360,PHIGVEL , フィグベル
2361,PHILIPPE STARCK , フィリップスタルク
2362,PHILOSOPHY DI ALBERTA FERRETTI , フィロソフィーアルベルタフェレッティー
2363,Phoebe , フィービー
2364,PHONO , フォノ
2365,PIAGET ,?ピアジェ
2366,PIA SPORTS , ピアスポーツ
2367,Pierre Balmain ,?ピエール・バルマン
2368,PIERRE HARDY , ピエールアルディ
2369,PIKO , ピコ
2370,PINCEAU , パンソー
2371,PINK HOUSE , ピンクハウス
2372,PINKO , ピンコ
2373,Pinky & Dianne ,?ピンキーアンドダイアン
2374,Pinky Girls , ピンキーガールズ
2375,pinky wolman , ピンキーウォルマン
2376,Pippi , ピッピ
2377,PJ's Surf , ピージェーズ・サーフ
2378,Place Plan , プレイスプラン
2379,PLAIN CLOTHING , プレーンクロージング
2380,Plantation , プランテーション
2381,Plaring , プラリン
2382,Platinum COMME ?A（Platinum COMME CA） , プラチナ・コムサ
2383,PLATINUM FUBU ,?プラティナムフブ
2384,PLAYBOY ,?プレイボーイ
2385,PLAYFORD , プレイフォード
2386,PLAYFORD EQUIPMENT , プレイフォードイクイップメント
2387,PLAYERZ 69, プレイヤーズシックスティナイン
2388,PLAY-PLAY-PLAY , プレイプレイプレイ
2389,Pledge , プレッジ
2390,Plush&Lush , プラッシュアンドラッシュ
2391,PLUS ONE , プラスワン
2392,PNB Nation , ピーエヌビーネイション
2393,POINTER , ポインター
2394,pokit , ポキット
2395,Poljot（ПОЛЕТ） ,?ポレオット
2396,POLICE ,?ポリス
2397,Pollin , ポーリン
2398,Polo Club , ポロクラブ
2399,POLO RALPH LAUREN ,?ポロラルフローレン
2400,POLO JEANS , ポロジーンズ
2401,POLO RUGBY ,?ポロ・ラグビー
2402,PONY , ポニー
2403,popular sperm show , ポピュラースパームショー
2404,PORSCHE DESIGN ,?ポルシェデザイン
2405,PORTER ,?ポーター
2406,POST , ポスト
2407,POST OVERALLS , ポストオーバーオールズ
2408,POU DOU DOU , プゥードゥドゥ
2409,pour la frime , プーラフリーム
2410,PPFM , ピーピーエフエム
2411,PPQ , ピーピーキュー
2412,PPrikorino , ピーピーリコリノ
2413,PRADA ,?プラダ
2414,PRADA SPORT ,?プラダ・スポーツ
2415,PRAHA , プラハ
2416,Pray Hotel , プレイホテル
2417,PREEN , プリーン
2418,PREEN BY THORNTON BREGAZZI , プリーン・ソーントン・ブルガッジ
2419,PREMIATA , プレミアータ
2420,PREMIATA DONNA , プレミアータドンナ
2421,PREMIATA WHITE , プレミアータホワイト
2422,PREMIERE , プルミエール
2423,present , プレゼント
2424,pricerite , プライベリテ
2425,PRIDE , プライド
2426,PRIGS , プリッグス
2427,PRIMA CLASSE , プリマクラッセ
2428,PRIO BLANCA , プリオブランカ
2429,PRIO ALEGRE , プリオアレグレ
2430,PRINGLE , プリングル
2431,PRODUCT , プロダクト
2432,Proenza Schouler ,?プロエンザスクーラー
2433,PROGRAM , プログラム
2434,project 1/6, ロクブンノイチケイカク
2435,project SRES , プロジェクトエスアールエス
2436,PRO-Keds ,?プロケッズ
2437,PROPA GANDA , プロパガンダ
2438,PROTOTYPE BY [MILOK] , プロトタイプ バイ ミロック
2439,Prova , プローヴァ
2440,Prps , ピーアールピーエス
2441,PRSPR , ピーアールエスピーアール
2442,PS Pictogram , ピーエス・ピクトグラム
2443,PUBLIC IMAGE , パブリックイメージ
2444,PUCH , プフ
2445,PUERTA DEL SOL , プエルタデルソル
2446,PULSAR , パルサー
2447,PUMA ,?プーマ
2448,PUMA BY MIHARA YASUHIRO ,?プーマ・バイ・ミハラヤスヒロ
2449,PUNK DRUNKERS , パンクドランカーズ
2450,PUPULA , ププラ
2451,Pure Playaz , ピュアプレイヤーズ
2452,PURKY , パーキー
2453,PUSH CONNECTION , プッシュ・コネクション
2454,PYJAMA CLOTHING , ピジャマクロージング
2455,PYNTORI , ピントーリ
2456,Pyrenex , ピレネックス
2457,Q , キュー
2458,q.b.a IORI , クーベーアー
2459,q.b.c , キュービーシー
2460,qiora , キオラ
2461,QiQi? Qiwi? , キィキィ?キィウィ?
2462,Qnine(9), ナイン
2463,Qojelly , コジェリ
2464,Q-pot. , キューポット
2465,QS CULTURE , キューエスカルチャー
2466,QTOP , キュートゥーピー
2467,QUADRO , クアドロ
2468,qualite , カリテ
2469,quatre saisons , キャトル・セゾン
2470,QUEENS COURT , クイーンズコート
2471,QUENCH , クエンチ
2472,QUENCHLOUD , クエンチラウド
2473,Qui est la? , キエラ
2474,Quiet Noize , クワイエット・ノイズ
2475,Quiksilver , クイックシルバー
2476,quoi? quoi? , クワクワ
2477,QUINTY , クインティ
2478,R13, アールサーティーン
2479,RACAL , ラカル
2480,RADIALL , ラディアル
2481,RADO ,?ラドー
2482,raf? NEWYORK（rafe NEWYORK） , ラフェ・ニューヨーク
2483,RAF SIMONS , ラフ・シモンズ
2484,RAF by RAF SIMONS , ラフ・バイ・ラフ・シモンズ
2485,Rag & Bone , ラグアンドボーン
2486,rage , レイジ
2487,RAGEBLUE , レイジブルー
2488,RAG MAMA RAG , ラグ・ママ・ラグ
2489,RAIKA , ライカ
2490,Raize stance , レジィスタンス（レジスタンス）
2491,RALPH LAUREN ,?ラルフ・ローレン
2492,RANDOM , ランダム
2493,RAMGER , レンジャー
2494,RANTIKI（乱痴気） , ランチキ
2495,RAOUL , ラウル
2496,Raphus cucu , ラフスクク
2497,RAP MUSICIAN , ラップミュージシャン
2498,RA-RE , ラーレ
2499,Rassurer POU DOU DOU , ラシュレ・プゥードゥドゥ
2500,RATS , ラッツ
2501,RATTLE TRAP , ラトルトラップ
2502,RAW FUDGE , ローファッジ
2503,Rawlings ,?ローリングス
2504,RAW POWER , ローパワー
2505,Ray-Ban ,?レイバン
2506,Ray BEAMS ,?レイビームス
2507,Ray Cassin , レイカズン
2508,Raymond Basquiat , レイモンドバスキア
2509,RE.ACT , リアクト
2510,READY STEADY GO! , レディステディゴー
2511,REALFLEET MODEL , リアルフリートモデル
2512,REALIZE , リアライズ
2513,REALRiSM , リアリズム
2514,Rebecca Minkoff , レベッカ・ミンコフ
2515,rebecca taylor ,?レベッカ・テイラー
2516,REBEL YELL , レベルエル
2517,Rebirth , リバース
2518,RECON , リーコン
2519,RED CLOVER , レッドクローバー
2520,RED EAR , レッドイヤー
2521,RED SEAM , レッドシーム
2522,RED WING , レッドウィング
2523,Reebok ,?リーボック
2524,Reebok × Hello Kitty ,?リーボック・ハローキティ
2525,Reem , リーム
2526,ReFLEcT , リフレクト
2527,rehacer , レアセル
2528,RehersalL , リハーズオール
2529,reina de casa , レイナ・デ・カサ
2530,relacher , ルラシェ
2531,reluxe , リラックス
2532,REMI RELIEF , レミ・レリーフ
2533,REMOVAL by BRTHBREATH , リムーバルバイブレス
2534,REN , レン
2535,Renato Balestra , レナート・バレストラ
2536,renoma ,?レノマ
2537,REPLAY , リプレイ
2538,repetto , レペット
2539,REQUIRE , リクワイア
2540,....... RESEARCH , リサーチ
2541,RESISTANCE , レジスタンス
2542,RESONATE GOODENOUGH , リゾネイトグッドイナフ
2543,Respect , リスペクト
2544,RESTIR ,?リステア
2545,revarte , リバルテ
2546,Reverence , リバレンス
2547,Re:vival , リバイバル
2548,Revo , レヴォ
2549,revolver , リボルバー
2550,REVUE THOMMEN ,?レビュー・トーメン
2551,RHYME SINDIGATE , ライムシンディケイト（ライムシンジケート）
2552,RHYTHM FOOTWEAR , リズムフットウェア
2553,RICATTI , リカッティ
2554,RICCARDO TISCI , リカルド・ティッシ
2555,rich , リッチ
2556,Richard Chai , リチャード・チャイ
2557,RICHMOND DENIM , リッチモンド
2558,Rick Owens , リックオウエンス
2559,Rickowens lilies , リックオウエンスリリーズ
2560,RICO , リコ
2561,rienda , リエンダ
2562,RIE*RIE , リエリエ
2563,RIKI TAKEUCHI ,?リキ・タケウチ
2564,ril:commune , リルコミューン
2565,RIMOWA , リモワ
2566,RING , リング
2567,R.I.P CLEAR , リップクリアー
2568,ripvanwinkle , リップヴァンウィンクル
2569,RISK , リスク
2570,RITA JEANS TOKYO , リタジーンズトウキョウ
2571,Ritmo Latino , リトモラティーノ
2572,RITSUKO SHIRAHAMA , リツコシラハマ
2573,R JEANZ , アールジーンズ
2574,RK Oversease , アールケイ　オーバーシーズ
2575,RNA , アールエヌエー
2576,RNA MEDIA , アールエヌエーメディア
2577,RNA-N , アールエヌエーエヌ
2578,RNA SLANG , アールエヌエースラング
2579,RNA SWEAT , アールエヌエースウェット
2580,R.NEWBOLD , アール・ニューボールド
2581,roar , ロアー
2582,roarguns , ロアーガンズ
2583,Roba , ローバ
2584,ROBE , ローブ
2585,Roberta di Camerino ,?ロベルタ ディ カメリーノ
2586,ROBERT FRASER , ロバート・フレーザー
2587,ROBERT GELLER , ロバート・ゲラー
2588,ROBERTO CAVALLI , ロベルト・カヴァッリ
2589,ROBERTO COLLINA , ロベルトコリーナ
2590,Roberto del Carlo , ロベルトデルカルロ
2591,ROBES&CONFECTIONS , ローブスコンフェクションズ
2592,ROCA WEAR , ロカウェア
2593,roccobarocco , ロッコバロッコ
2594,ROCHAS ,?ロシャス
2595,ROCKETS , ロケッツ
2596,ROCKERS DELIGHT , ロッカーズディライト
2597,ROCK HARD , ロックハード
2598,ROCKMOUNT , ロックマウント
2599,ROCKPORT , ロックポート
2600,Rock & Republic , ロックアンドリパブリック
2601,ROCKSMITH , ロックスミス
2602,Rocky Mountain Featherbed（RockyMountainFeatherBed） , ロッキーマウンテンフェザーベッド
2603,ROCOCO , ロココ
2604,ROC STAR , ロックスター
2605,RODEO CROWNS , ロデオ・クラウン
2606,ROE , アールオーイー
2607,Roen , ロエン
2608,ROGAN , ローガン
2609,ROGER DUBUIS ,?ロジェ・デュブイ
2610,ROGER VIVIER , ロジェヴィヴィエ
2611,ROGGYKEI , ロギーケイ
2612,ROHKA , ローカ
2613,ROLEX ,?ロレックス
2614,ROLLAND BERRY & RBC , ローランドベリー
2615,ROLLIN HARD , ローリンハード
2616,Romar Quee ,?ロマーク
2617,ROMEO GIGLI , ロメオ・ジリ
2618,Romeo y Julieta , ロミィジュリエッタ
2619,RONCATO , ロンカート
2620,RONDEBERRY , ロンドベリー
2621,ROP?（ROPE） , ロペ
2622,Rop? Picnic（Rope Picnic） , ロペピクニック
2623,ROPESAMBAS , ロープスアンバス
2624,ROSASEN , ロサーゼン
2625,ROSE BUD , ローズバット
2626,ROSSO , ロッソ
2627,Rosy hip , ロージーヒップ
2628,ROTA , ロータ
2629,ROTAR , ローター
2630,ROTARY GROUP , ロータリーグループ
2631,ROTTWEILER , ロットワイラー
2632,Rouge vif , ルージュ・ヴィフ
2633,ROUROU , ロウロウ
2634,ROXY , ロキシー
2635,ROYAL ARMANY ,?ロイヤル・アルマニー
2636,ROYALCAMP , ロイヤルキャンプ
2637,ROYAL CHIE , ロイヤルチエ
2638,ROYAL ORDER , ロイヤル・オーダー
2639,ROYAL PUSSY , ロイヤルプッシー
2640,RRL ,?ダブルアールエル
2641,RuBy , ルビー
2642,RUDE BOY , ルードボーイ
2643,RUDE GALLERY , ルードギャラリー
2644,RUDE GALLERY BLACK REBEL , ルードギャラリーブラックレーベル
2645,RUDIES , ルーディーズ
2646,Rudolph Valentino , ルドルフ・ヴァレンチノ
2647,RUE DU MAIL , リュ・デュ・マイユ
2648,Ruehl No.925,?ルールナンバー925
2649,Ru*fa , ルゥファ
2650,RUFFO , ルッフォ
2651,RUFF RYDERS ,?ラフ・ライダーズ
2652,Rui Tashima , ルイ・タシマ
2653,RULER , ルーラー
2654,RUN ATHLETICS , ランアスレチックス
2655,RUNBIRD , ランバード
2656,RUPERT ,?ルパート
2657,RUSH HOUR , ラッシュアワー
2658,RUSSELL MOCCASIN , ラッセルモカシン
2659,RUTHIE DAVIS , ルーシー・デイヴィス
2660,RVCA , ルーカ
2661,R WORX , アールワークス
2662,RYZA , ライザ
2663,S2W8, エスツーダブルエイト
2664,S2VS, エスツーヴイエス
2665,sabase , サバーゼ
2666,SABATO , サバト
2667,SABBAT13, サバトサーティーン
2668,SABIT , サビ
2669,SABLE CLUTCH , セーブルクラッチ
2670,sabotage , サボタージュ
2671,SABRE , セイバー
2672,Sacai , サカイ
2673,SACSNY Y'SACCS , サクスニー・イザック
2674,SADDLELITES , サドルライツ
2675,sage de cret , サージュデクレ
2676,SAGLiFE , サグライフ
2677,SAINT JAMES , セント・ジェームス
2678,Saint Laurent ,?サンローラン
2679,saintv?tement (saintv・tement) , サンベットモン
2680,sakayori , サカヨリ
2681,SALOMON ,?サロモン
2682,SALON , サロン
2683,Salvatore Ferragamo ,?サルヴァトーレ・フェラガモ
2684,SAMANTHA KINGZ , サマンサキングズ
2685,SAMANTHA SILVA , サマンサシルヴァ
2686,Samantha Thavasa ,?サマンサタバサ
2687,Samantha Tiara , サマンサティアラ
2688,SAM HASKINS , サムハスキンス
2689,SAMOR , サモール
2690,Samsonite ,?サムソナイト
2691,SANATORIUM , サナトリウム
2692,SANDERS , サンダース
2693,Sandinista , サンディニスタ
2694,Sandro , サンドロ
2695,SANDY DALAL , サンディ・ダラル
2696,SANTACROCE , サンタクローチェ
2697,santa fe , サンタフェ
2698,SANTASTIC! , サンタスティック
2699,Santoni , サントーニ
2700,SANYO , サンヨー
2701,SANYO YAMACHO（三陽山長） , サンヨウヤマチョウ
2702,Sara Battaglia , サラ・バターリア
2703,Sara Jones London , サラジョーンズ ロンドン
2704,saranam , サラナン
2705,SARCASTIC , サキャスティック
2706,SARTORE , サルトル
2707,SASSAFRAS , ササフラス
2708,SASQUATCHfabrix. , サスクワッチファブリックス
2709,SATAN ARBEIT , サタンアルバイト
2710,SATORU TANAKA , サトルタナカ
2711,satta , サッタ
2712,SAUCONY , サッカニー
2713,Savile Row , セヴィルロウ
2714,SAVOY CLOTHING , サボイクロージング
2715,SCANNER , スキャナー
2716,scene4 1/2, シーン
2717,schedoni , スケドーニ
2718,SCHLUSSEL , シュリセル
2719,SCHNEIDER BOOTS , シュナイダーブーツ
2720,SCHOTT , ショット
2721,SCHWARZ ETIENNE ,?シュワルツ・エチエンヌ
2722,SCM-PROJECT , エスシーエム プロジェクト
2723,SCOTCH & SODA , スコッチアンドソーダ
2724,Scye , サイ
2725,S.D.C , エスディーシー
2726,Sean John ,?ショーン・ジョン
2727,sec , セック
2728,SECRETBASE , シークレットベース
2729,SEE BY CHLOE , シーバイクロエ
2730,seesway , シースウェイ
2731,seesway satiate , シースウェイサティエイト
2732,SEIKO ,?セイコー
2733,selvedge , セルヴィッジ
2734,SEMBL , センブル
2735,SENSE , センス
2736,sense of wonder , センス・オブ・ワンダー
2737,SERAPHIN , セラファン
2738,SERENITY.STILLMOMENT , セレニティースティルモーメント
2739,SERFONTAINE , セルフォンテイン
2740,SERGEANT SALUTE , サージェントサルート
2741,SERGIO ROSSI ,?セルジオ・ロッシ
2742,Sergio Valente , セルジオ・ヴァレンテ
2743,SESSUN , セッスン
2744,seta ichiro , セタイチロウ
2745,Seven for all mankind , セブンフォオールマンカインド
2746,SEVENTY FOUR , セブンティーフォー
2747,SEXPOT , セックスポット
2748,S'exprimer , セクスプリメ
2749,Shady , シェイディ
2750,SHAKE SHAKE , シェイクシェイク
2751,shama , シャマ
2752,SHANTii , シャンティ
2753,Shapel , シャペル
2754,SHAREEF , シャリーフ
2755,Sharon Wauchob , シャロンワコブ
2756,SHELLAC , シェラック
2757,Shel'tter ORIGINAL , シェルターオリジナル
2758,Shiesser , シーサー
2759,Shikica Tokyo , シキカ　トウキョウ
2760,SHINICHIRO ARAKAWA , シンイチロウ・アラカワ
2761,shiner , シャイナー
2762,Shinzone , シンゾーン
2763,Shipley & Halmos , シプリー＆ハルモス
2764,SHIPS ,?シップス
2765,SHIPS for women , シップスフォーウィメン
2766,SHIPS GENERAL SUPPLY , シップスジェネラルサプライ
2767,SHIPS JET BLUE , シップスジェットブルー
2768,SHIPS KIDS , シップスキッズ
2769,ships little black , シップスリトルブラック
2770,shirts , シャツ
2771,shirts(wjk) , シャツ
2772,Shourouk , シュルック
2773,shuca GLOBALWORK , シュカ・グローバルワーク
2774,SIERA LEONE , シエラレオン
2775,SIERRA DESIGNS , シェラデザイン
2776,SiFURY , シフリー
2777,SIGERSON MORRISON , シガーソン・モリソン
2778,SILAS , サイラス
2779,SILVANO LATTANZI , シルバノ・ランタンジ
2780,SILVANO MAZZA , シルバノ・マッツァ
2781,SILVANO SASSETTI , シルバノ・サセッティ
2782,Silver Lake , シルバーレーク
2783,SILVIO BETTERELLI , シルヴィオ・ベッテレッリ
2784,SIMON CARTER , サイモンカーター
2785,SIMPLE LIFE , シンプルライフ
2786,SIMPSON , シンプソン
2787,SINDEE , シンディー
2788,Sinn ,?ジン
2789,SIR BENNY MILES , サーベニーマイルズ
2790,SIR by Mawi , サー・バイ・モイ
2791,sisi , シシ
2792,Si-Si-Si , スースースー
2793,Sisley , シスレー
2794,Sissi Rossi , シシロッシ
2795,SISTERE , システレ
2796,SIERA LEONE by Gene , シエラ レオン バイ ジェネ
2797,Silver JEANS , シルバージーンズ
2798,SINACOVA , シナコバ
2799,Sinequanone , セイクアノン
2800,SIVA , シヴァ
2801,six by swear , シックスバイスウェア
2802,sixe , シックス
2803,SIXPACK , シックスパック
2804,SKAGEN ,?スカーゲン
2805,skinny minnie , スキニーミニー
2806,SKULL JEANS , スカルジーンズ
2807,SKULL SHIT , スカルシット
2808,SKYHi , スカイハイ
2809,SLADKY , スラドキー
2810,slant wise , スラントワイズ
2811,Slava（Cлава） ,?スラバ
2812,Sleep , スリープ
2813,sleeping forest , スリーピングフォレスト
2814,SlowGun ,?スロウガン
2815,SLY , スライ
2816,SMACK ENGINEER , スマックエンジニア
2817,SmackyGlam , スマッキーグラム
2818,SMADDY , スマディー
2819,smork , スモーク
2820,Smythson ,?スマイソン
2821,SNAFU , スナフー
2822,Snarl extra , スナールエクストラ
2823,Snidel , スナイデル
2824,SNIPEHEAD , スナイプヘッド
2825,Snip Snap , スニップスナップ
2826,Snoop Dogg , スヌープ・ドッグ
2827,SNOOPY ,?スヌーピー
2828,SO , ソー
2829,soak , ソーク
2830,SOAR , ソアー
2831,SOE , ソーイ
2832,SOHK , ショック
2833,SOIL , ソイル
2834,SOIR , ソワール
2835,SOLATINA , ソラチナ
2836,Solberry , ソルベリー
2837,SOLE , ソーレ
2838,SOLEIL , ソレイユ
2839,SOLPRESA , ソルプレーサ
2840,SOMARTA , ソマルタ
2841,SOM?T（SOMET） , ソメ
2842,Sommo , ソンモ
2843,SONIA RYKIEL ,?ソニア・リキエル
2844,SONIC LAB , ソニックラブ
2845,sonoma , ソノマ
2846,SOOCHI , スーチ
2847,SOPHIA KOKOSALAKI ,?ソフィア・ココサラキ
2848,Sophie Finzi , ソフィ・フィンジ
2849,SOPHNET. , ソフネット
2850,S.O.S fp , エスオーエス・エフピー
2851,SOUNDS GOOD , サウンズグッド
2852,Sov.(DOUBLE STANDARD CLOTHING) , ソブ
2853,Space Bug , スペースバグ
2854,SPAGA , スピーガ
2855,SPALDING ,?スポルディング
2856,SPALDING BY Roen , スポルディングバイロエン
2857,SPECTACLE , スペクタクル
2858,SPECTRUM ,?スペクトラム
2859,SPEEDO ,?スピード
2860,SPELL BOUND , スペルバウンド
2861,Spencer Hart , スペンサーハート
2862,Spick and Span , スピック アンド スパン
2863,SPIEWAK , スピーワック
2864,SPINGLE MOVE , スピングルムーブ
2865,Spotted Horse , スポッテッド ホース
2866,Spread Hawk , スプレッドホーク
2867,springcourt , スプリングコート
2868,Sputnik , スプートニク
2869,SPX , エスピーエックス
2870,SQUARE , スクエア
2871,SQUEEZE OUT , スクイーズアウト
2872,SSUR , サー
2873,STALL , ストール
2874,Stampd' LA , スタンプドエルエー
2875,STANDARD CALIFORNIA , スタンダード カリフォルニア
2876,STANLEY BLACKER , スタンリー・ブラッカー
2877,STANLEY GUESS , スタンリー・ゲス
2878,Stanza in , スタンザイン
2879,staple , ステイプル
2880,STAYUPLATE , ステイアップレイト
2881,S.T. Dupont ,?エス・テー・デュポン
2882,STEFANO BEMER , ステファノベーメル
2883,STEFANOBIGI , ステファノビジ
2884,STEFANO BRANCHINI , ステファノ・ブランキーニ
2885,Stefano manO , ステファノマーノ
2886,STEFANO VALENTINO , ステファノ・バレンチノ
2887,STELLA McCARTNEY , ステラ・マッカートニー
2888,STEPHAN SCHNEIDER , ステファン・シュナイダー
2889,Stephanie , ステファニエ
2890,Steve Madden , スティーブ・メイデン
2891,STEVENSON OVERALL , スティーブンソンオーバーオール
2892,STIFF , スティッフ
2893,StilLas , スタイラス
2894,stillgreen , スティルグリーン
2895,STITCH , スティッチ
2896,Stitchs , スティッチーズ
2897,stodja , ストージャ
2898,stof , ストフ
2899,STOLEN GIRLFRIENDS CLUB , ストールン・ガールフレンズ・クラブ
2900,STONE ISLAND ,?ストーンアイランド
2901,STORAMA , ストラマ
2902,STRAWBERRY-FIELDS ,?ストロベリーフィールズ
2903,Stuart Weitzman ,?スチュワート・ワイツマン
2904,STUD HOMME , スタッドオム
2905,STUDIO D'ARTISAN , ステュディオ・ダ・ルチザン
2906,STUDIO ORIBE , スタジオオリベ
2907,STUDIO WATERFALL , スタジオウォーターフォール
2908,STUSSY ,?ステューシー
2909,style+confort , スティールエコンフォール
2910,Suave , スアーヴ
2911,Subciety , サブサエティ
2912,SUBFREAKIE , サブフリーキー
2913,SUBWARE , サブウェア
2914,SUFFER , サファー
2915,Sugar Cane , シュガー・ケーン
2916,Sugar Russh , シュガーラッシュ
2917,SUICIDAL TENDENCIES ,?スイサダル・テンデンシーズ
2918,suicoke , スイコック
2919,suicommi underground , スイコミアンダーグラウンド
2920,Suikyo（粋狂） , スイキョウ
2921,SUIREN , スイレン
2922,SULIO , スリオ
2923,sunaokuwahara , スナオクワハラ
2924,SUNO , スノ
2925,Sunsa , サンサ
2926,SUNSEA , サンシー
2927,SUNSPEL , サンスペル
2928,Sun Surf , サン・サーフ
2929,SUPER , スーパー
2930,SUPER HAKKA , スーパーハッカ
2931,SUPERFINE , スーパーファイン
2932,SUPER LOVERS , スーパーラヴァーズ
2933,SUPERSTAR , スーパースター
2934,SUPREME , シュプリーム
2935,Surface to Air , サーフェストゥエア
2936,SURPASS , サーパス
2937,SUSAN BIJL , スーザンベル
2938,SUTOR MANTELLASSI , ストール・マンテラッシ
2939,SUUNTO ,?スント
2940,suzuki takayuki , スズキタカユキ
2941,SWAGGER , スワッガー
2942,swank , スワンク
2943,Swanzy , スワンジー
2944,swatch ,?スウォッチ
2945,SWATi , スワティ
2946,SWEAR , スウェア
2947,SWEET YEARS , スウィート・イヤーズ
2948,SWIMMER ,?スイマー
2949,SWM , エスダブリュウエム
2950,SWORD FISH , ソードフィッシュ
2951,synchronicity , シンクロニシティ
2952,T-19, ティーナインティーン
2953,TABITA , タビタ
2954,Tabitha Simmons , タビサ・シモンズ
2955,tabloid news , タブロイドニュース
2956,TAG Heuer ,?タグ・ホイヤー
2957,taishi nobukuni , タイシノブクニ
2958,TAKAKURAZOME（高蔵染） , タカクラゾメ
2959,TAKAMICHI KUMAZAKI , タカミチクマザキ
2960,TAKEO KIKUCHI ,?タケオキクチ
2961,TAKEO NISHIDA , タケオニシダ
2962,TAKEZO TOYOGUCHI , タケゾー・トヨグチ
2963,TAKUMI HATAKEYAMA , タクミ・ハタケヤマ
2964,TALKING ABOUT THE ABSTRACTION , トーキング　アバウト　ザ　アブストラクション
2965,Talor Toyo（テーラー東洋） ,?テーラートーヨー
2966,tamao , タマオ
2967,Tand3m, タンデム
2968,TANINO CRISCI , タニノ・クリスチー
2969,tao COMME des GAR?ONS（tao COMME des GARCONS） , タオ・コム・デ・ギャルソン
2970,TARNISH & TWIST , ターニッシュアンドツイスト
2971,TASHI , タシ
2972,TATAMI , タタミ
2973,TATRAS , タトラス
2974,TAVERNITI SO JEANS , タヴァニティ・ソー・ジーンズ
2975,Taylor Design , テイラーデザイン
2976,TEAM MESSAGE , チームメッセージ
2977,TECHNOS ,?テクノス
2978,TEDMAN , テッドマン
2979,Tee Dee , ティーディー
2980,tee-hee , ティーヒー
2981,tee Lisa , ティーリサ
2982,TENDERLOIN , テンダーロイン
2983,TEN-EIGHT , テンエイト
2984,TENORAS , ティノラス
2985,TERESA YUKIKO YAMASHITA , テレザ・ユキコ・ヤマシタ
2986,TERRA PLANA , テラプラナ
2987,Terrem , テレム
2988,T?TE HOMME（TETE HOMME） , テットオム
2989,tetei , テテイ
2990,Thakoon ,?タクーン
2991,THC , ティーエイチシー
2992,thCbn , ティーエイチシー
2993,T・H・D La maison , テ・アシュ・デ・ラ・メゾン
2994,THEATER8, シアターエイト
2995,THEATRE COSTUME HISTORY , シアター・コスチューム・ヒストリー
2996,THEATRE PRODUCTS ,?シアタープロダクツ
2997,THE BACKDROP , バックドロップ
2998,The Brooklyn Circus , ブルックリンサーカス
2999,THE C , ザ・シー
3000,The DUFFER of ST.GEORGE , ザ・ダファー・オブ・セントジョージ
3001,The Dress & Co. HIDEAKI SAKAGUCHI ,?ザ・ドレス・アンド・コー・ヒデアキ・サカグチ
3002,The Elder Statesman , ジ・エルダー・ステイトマン
3003,Thee Hysteric XXX , ジィ・ヒステリック・トリプルエックス
3004,THE FLAT HEAD ,?フラットヘッド
3005,THE ILLEST , イリースト
3006,THE IMAGINARY FOUNDATION , イマジナリーファンデーション
3007,THE KISS , ザ・キッス
3008,The Kooples , ザ・クープルズ
3009,The Local Firm , ザ・ローカルファーム
3010,THE MASK , マスク
3011,The mongolianchoppsss , モンゴリアンチャップスデザイン
3012,THE NORTH FACE ,?ザ・ノース・フェイス
3013,THE NORTH FACE×Taylor design , ザ・ノース・フェイス×テイラーデザイン
3014,theory ,?セオリー
3015,THE SMOCK SHOP , スモックショップ
3016,The Stylist Japan , ザスタイリストジャパン
3017,THE TWELVE , ザ・トゥエルヴ
3018,The Viridi-anne , ザ・ヴィリジアン
3019,Theyskens' Theory , ティスケンス セオリー
3020,Thierry Mugler ,?ティエリー・ミュグレー
3021,THOMAS PINK , トーマス・ピンク
3022,THOM BROWNE , トムブラウン
3023,THOUSAND LEAVES , サウザンドリーブス
3024,THRASHER , スラッシャー
3025,THRDLUCK , サードラック
3026,THREE AS FOUR , スリーアズフォー
3027,THREE BLIND MICE , スリーブラインドマイス
3028,three dots , スリードッツ
3029,THREE OLD CIRCUS , スリーオールドサーカス
3030,THROB by throb , スラブ・バイ・スラブ
3031,THROW-ON , スロウオン
3032,THUG LIFE , サグライフ
3033,TIE YOUR TIE , タイユアタイ
3034,TIFFANY&Co. ,?ティファニー
3035,TIGRE BROCANTE , ティグルブロカンテ
3036,TILA MARCH , ティラマーチ
3037,till , ティル
3038,TILT , ティルト
3039,TIM CAMPI , ティム・キャンピー
3040,Tim Hamilton , ティムハミルトン
3041,Timberland ,?ティンバーランド
3042,TIMEX ,?タイメックス
3043,TIMOTHY EVEREST , ティモシーエベレスト
3044,TINA KALIVAS , ティナ・カリバス
3045,tinkpink , ティンクピンク
3046,tiptoe , ティプトー
3047,TISSOT , ティソ
3048,titivate scatty , ティティベイト　スキャティ
3049,tlab , ティーラボ
3050,TLC , テンダーラビンケア
3051,TK , ティーケー
3052,T-LINE ROSASEN , ティーライン・ロサーゼン
3053,TMT , ティーエムティー
3054,TNTS , テンテス
3055,TO , トゥ
3056,TO BE CHIC , トゥービーシック
3057,TOCCA , トッカ
3058,TO&CO. , トゥーアンドコー
3059,TOD'S ,?トッズ
3060,TOGA , トーガ
3061,toha , トワ
3062,TOhRCH SELECT , トーチセレクト
3063,TOILET , トイレット
3064,TOKISHIRAZU（時しらず） , トキシラズ
3065,TOKISHIRAZU CULTURE（時しらずCULTURE） , トキシラズカルチャー
3066,TO KI TO , トキト
3067,TOKUKO 1er VOL, トクコ・プルミエヴォル
3068,TOKYO CULTUART by BEAMS , トウキョウカルチャートバイビームス
3069,TOKYO EXTRA GRADE , トウキョウ・エクストラ・グレイド
3070,TOKYO RIPPER , トウキョウ・リッパー
3071,TOLLFREE , トールフリー
3072,TOM BINNS , トムビンズ
3073,TOM FORD ,?トム・フォード
3074,TOMMY , トミー
3075,TOMMY HILFIGER ,?トミー・ヒルフィガー
3076,tommy girl ,?トミーガール
3077,Tommy Nutter , トミー・ナッター
3078,TOMOE ISHIKAWA , トモエ・イシカワ
3079,TOMORROWLAND , トゥモローランド
3080,TOM REBL , トム・レヴェル
3081,TOMS , トムズ
3082,TONITE , トゥナイト
3083,TONO , トノ
3084,TOO LATE , トゥ レイト
3085,TOOLS , ツゥールズ
3086,TOOT , トゥート
3087,TOPSHOP , トップショップ
3088,TOPSY TURVY , トップシィ・ターヴィ
3089,TORNADO MART , トルネードマート
3090,TORNADO MART FEMME , トルネードマートファム
3091,TOROY , トロイ
3092,TORRAZZO DONNA , トラッツォ・ドンナ（トラッゾドンナ）
3093,TORY BURCH ,?トリー・バーチ
3094,Toscana ,?トスカーナ
3095,TOTALCOMMUNICATE , トータルコミュニケート
3096,TOUGH , タフ
3097,tout a coup , トゥ・ア・クー
3098,Town&Country , タウンアンドカントリー
3099,TOXIC STAR , タクシックスター
3100,Trackstar , トラックスター
3101,transaction , トランザクション
3102,TRANS CONTINENTS , トランスコンチネンツ
3103,TRANSFORM , トランスフォーム
3104,TRANSPORT , トランスポート
3105,TRANS WORK , トランスワーク
3106,TRAUMEN , トゥロウメン
3107,TRES , トレ
3108,TRIBAL , トライバル
3109,Trickers , トリッカーズ
3110,TRICKorTREAT , トリックオアトリート
3111,tricot COMME des GAR?ONS（tricot COMME des GARCONS） , トリコ・コム・デ・ギャルソン
3112,Triple A , トリプルエー
3113,trippen , トリッペン
3114,Tripp NYC , トリップニューヨークシティ
3115,TRIPTYCH ,?トリプティック
3116,TRISECT , トライセクト
3117,TRIVIA , トリビア
3118,TroisO , トロワゾ
3119,TROUPER , トルーパー
3120,TROVATA , トロヴァータ
3121,TROVE , トローヴ
3122,TRUE RELIGION , トゥルーレリジョン
3123,TRUNK , トランク
3124,TRUNKSHOW , トランクショー
3125,TRUSSARDI , トラサルディ
3126,TRYGOD , トライゴッド
3127,TSE , セイ
3128,TSUBI , ツビ
3129,TSUBO , ツボ
3130,TSUMORI CHISATO ,?ツモリチサト
3131,tsumori chisato CARRY , ツモリチサトキャリー
3132,Tudor , チュードル
3133,T.U.K. SHOES , ティーユーケーシューズ
3134,TUMI ,?トゥミ
3135,tuta?e（傳tuta?e） , ツタエ
3136,Tutima ,?チュティマ
3137,TWEEDMILL , ツイードミル
3138,Twelve by Twelve , トゥエルブバイトゥエルブ
3139,Twenty8Twelve by s.miller, トゥエンティー エイト トゥエルブ バイ エス・ミラー
3140,TWENTY FIVE , トゥエンティファイブ
3141,two tom , トゥートム
3142,twopeace , ツーピース
3143,t.yamai paris , ティ・ヤマイ・パリ
3144,tyanaphysis , チュナピュシス
3145,UARM , ユーアーム
3146,UBIQ , ユービック
3147,UCS , ユーシーエス
3148,UGG , アグ
3149,UGLY , アグリー
3150,Ugo Cacciatori , ウーゴカッチャトーリ
3151,UGP , ユージーピー
3152,UK CARHARTT , ユーケーカーハート
3153,ultra-violence , アルトラ・バイオレンス
3154,ULYSSE NARDIN ,?ユリスナルダン
3155,UMBRO ,?アンブロ
3156,UMBRO BY KIM JONES , アンブロバイ・キム・ジョーンズ
3157,UNBILICAL , エンブレム
3158,undecorated MAN , アンデコレイテッド・マン
3159,UNDEFEATED , アンディフィーテッド
3160,UNDER CASTLE , アンダーキャッスル
3161,UNDERCOVER , アンダーカバー
3162,UNDERCOVER KIDS , アンダーカバーキッズ
3163,UNDERCURRENT , アンダーカレント
3164,UNDRCRWN , アンダークラウン
3165,UNIFUL , ユニフル
3166,UNION STATION , ユニオンステーション
3167,UNIQLO ,?ユニクロ
3168,UNIS , ユニス
3169,UNITED ARROWS ,?ユナイテッドアローズ
3170,united bamboo , ユナイテッドバンブー
3171,UNIVERSAL GEN?VE（UNIVERSAL GENEVE） ,?ユニバーサル・ジュネーブ
3172,UNIVERSAL FREAK'S , ユニバーサルフリークス
3173,UNLIMITEDSIFR , アンリミテッドスィフル
3174,unnon , アンノン
3175,unobilie , ウノビリエ
3176,un plus un , アン・プリュス・アン
3177,UNRIVALED , アンライバルド
3178,UNSEAKY , アンシーキー
3179,UNSQUEAKY , アンスクウィーキー
3180,UNTITLED MEN , アンタイトルメン
3181,UNTOLD , アントールド
3182,UNUSED , アンユーズド
3183,U.P renoma , ユーピー・レノマ
3184,UPSTART , アップスタート
3185,uptight , アップタイト
3186,UrbanOutfitters , アーバンアウトフィッターズ
3187,URBAN RESEARCH , アーバンリサーチ
3188,Useless , ユースレス
3189,Useless wjk , ユースレス ダブルジェイケイ
3190,U.S NAVAL , ユーエスネーバル
3191,V , ブイ
3192,vabelogue , ヴァベローグ
3193,VABENE , ヴァベーネ
3194,VACHERON CONSTANTIN ,?ヴァシュロン・コンスタンタン
3195,VAGARY , ヴァガリー
3196,VAGIIE SPORT , バジエスポーツ
3197,Vaivia , ヴァイヴィア
3198,Valentine Gauthier , ヴァランティーヌ・ゴーチェ
3199,VALENTINI , ヴァレンティー二
3200,Valentino ,?ヴァレンティノ
3201,VALKURE ,?ヴァルクーレ
3202,Vanana , バナナ
3203,Vanana silver label , バナナシルバーレーベル
3204,Van Cleef & Arpels , ヴァン・クリーフ・アンド・アーペル
3205,VANDALIZE ,?ヴァンダライズ
3206,VANQUISH ,?ヴァンキッシュ
3207,VAN Jacket ,?ヴァンヂャケット
3208,VANS , バンズ
3209,VANSON , バンソン
3210,Vansty , ヴァンスティ
3211,VANS VAULT , バンズ ボルト
3212,VAPORIZE , ヴェイパライズ
3213,Varde77, バルデセブンティセブン
3214,VARENTINE , ヴァレンティーン
3215,Varosh , ヴァロッシュ
3216,VASILIEVA , ヴァシリエヴァ
3217,VATLED , バットレッド
3218,VAUDE , ファウデ
3219,Valextra ,?ヴァレクストラ
3220,Velnica , ヴェルニカ
3221,velvet , ベルベット
3222,Velvet Lounge , ヴェルヴェットラウンジ
3223,VENT D'EST , ヴァンデスト
3224,VENTURA , ベンチュラ
3225,Verginia , ヴァージニア
3226,Vera Wang ,?ヴェラ・ウォン
3227,VERNICE , ヴェルニーチェ
3228,VERONIQUE BRANQUINHO , ヴェロニク・ブランキーノ
3229,VERONIQUE LEROY , ヴェロニク・ルロワ
3230,Verope , ヴェロープ
3231,VERSACE ,?ヴェルサーチ
3232,VERSACE CLASSIC , ヴェルサーチ・クラシック
3233,VERSACE COLLECTION , ヴェルサーチ・コレクション
3234,VERSACE JEANS COUTURE , ヴェルサーチ・ジーンズ・クチュール
3235,VERSACE SPORT , ヴェルサーチ・スポーツ
3236,VERSUS , ヴェルサス
3237,VERTREK , フェルトレック
3238,VERYNERD , ベリーナード
3239,VESTIBULE , ヴェスティビュール
3240,Viaggio Blu , ビアッジョブルー
3241,Via Repubblica , ヴィア・リパブリカ
3242,VIBGYOR , ビブジョー
3243,vibram , ビブラム
3244,VICINI , ヴィッチーニ
3245,VICIOUS FLAVOR , ヴィシャスフレーバー
3246,VICKY , ビッキー
3247,VICTIM , ヴィクティム
3248,VICTIM VIXEN VICTOR , ヴィクティムヴィクセンヴィクトール
3249,VICTORINOX ,?ビクトリノックス
3250,VIDA＋ , ヴィーダプラス
3251,Vida=Feliz , ヴィーダフェリス
3252,Vika Gazinskaya , ヴィカ・ガジンスカヤ
3253,VIKTOR&ROLF , ヴィクター・アンド・ロルフ
3254,Ville dazur , ビルダジュール
3255,Vince , ビンス
3256,VINTAGE 55, ヴィンテージ・フィフティファイブ
3257,vinterks , ヴィンタークス
3258,VINTI ANDREWS , ヴィンティアンドリュース
3259,VINVERT , バンベール
3260,Violet H?nger（Violet Hanger） , バイオレットハンガー
3261,Vionnet ,?ヴィオネ
3262,VIRGO , ヴァルゴ
3263,VIS , ビス
3264,Vis Burrough , ヴィズバロウ
3265,VISUAL REPORTS , ヴィジュアル リポーツ
3266,VISVIM , ヴィスヴィム
3267,VITAMIN POWERS FACTORY , ビタミンパワーズファクトリー
3268,VIVA YOU , ビバユー
3269,Vivienne Tam ,?ヴィヴィアン・タム
3270,Vivienne Westwood ,?ヴィヴィアン・ウエストウッド
3271,Vivienne Westwood MAN , ヴィヴィアン・ウエストウッド・マン
3272,VIVIFY , ビビファイ
3273,VOICEMAIL , ヴォイスメール
3274,VOKAL ,?ヴォカル
3275,VOLCOM , ヴォルコム
3276,VOLK by ojaga design , フォルクバイオジャガデザイン
3277,Von Dutch , ボンダッチ
3278,Volar , ボラール
3279,Vostok（Восток） ,?ボストーク
3280,Votan Tokyo , ヴォタントーキョー
3281,Vulture , バルチャー
3282,- W. - , ダブリュー
3283,WAKANA KOIKE , ワカナコイケ
3284,WACKO MARIA , ワコマリア
3285,Waltham Watch Company ,?ウォルサム
3286,Walter Van Beirendonck , ウォルター・ヴァン・ベイレンドンク
3287,WAREHOUSE , ウェアハウス
3288,Waste(twice) , ウェストトゥワイス（ウエイストトワイス）
3289,WAYRG , ワイアールジー
3290,WALLA WALLA SPORT , ワラワラスポーツ
3291,Wellbeing , ウェルビーイング
3292,Wallis , ウォリス
3293,WALTER VAN BEIRENDONCK , ウォルターヴァンベイレンドンク
3294,w closet , ダブルクローゼット
3295,weac. , ウィーク
3296,Wesco , ウエスコ
3297,WEST WEAR , ウェストウェア
3298,Wendine , ウエンディーネ
3299,Wendy&jim , ウェンディーアンドジム
3300,Wendy's & foot the coacher , ウェンディズアンドフットザコーチャー
3301,WESC , ウィーエスシー
3302,What Goes Around Comes Around (WGACA) ,?ワット・ゴーズ・アラウンド・カムズ・アラウンド
3303,WHEREABOUTS , ウェアラバウツ
3304,Whistles , ウィッスルズ
3305,WHITE , ホワイト
3306,WHITEHOUSE COX ,?ホワイトハウスコックス
3307,WHITE LINE , ホワイトライン
3308,WHITE MOUNTAINEERING , ホワイトマウンテニアリング
3309,whiz , ウィズ
3310,Whyred , ワイレッド
3311,WILDTHINGS , ワイルドシングス
3312,WILLIAM WALLES , ウィリアム・ウォレス
3313,wilson , ウィルソン
3314,WIM NEELS , ウィムニールス
3315,Win&Sons , ウィンアンドサンズ
3316,WIRED , ワイアード
3317,Wizzard , ウィザード
3318,wjk , ダブルジェイケイ
3319,wjk DIADORA , ダブルジェイケイ・ディアドラ
3320,wjk jeans , ダブルジェイケイ・ジーンズ
3321,WJKW , ダブルジェイケイダブル
3322,WOLVERINE , ウルヴァリン
3323,WOLVO , ウォルボ
3324,WONDER EIGHT , ワンダーエイト
3325,wonderland , ワンダーランド
3326,WOODLUM , ウッドラム
3327,WOOD WOOD , ウッドウッド
3328,WOOLRICH , ウールリッチ
3329,WOOLRICH WOOLEN MILLS , ウールリッチウーレンミルズ
3330,WOO YOUNG MI , ウーヨンミ
3331,WORLD WIDE LOVE , ワールドワイドラブ
3332,Worn By , ウォーンバイ
3333,Wpc.?, ダブルピーシー
3334,WR , ダブルアール
3335,Wrangler ,?ラングラー
3336,Wrangler PREMIUM LINE , ラングラープレミアムライン
3337,writtenafterwards , リトゥンアフターワーズ
3338,W)taps , ダブルタップス
3339,Xampagne , シャンパン
3340,XESCAPE , ゼスケープ
3341,xg , エックスジー
3342,X-girl , エックスガール
3343,X-girl Stages , エックスガール ステージス
3344,X-Large?, エクストラ・ラージ
3345,XOXO /,?キスキス/エックスオーエックスオー
3346,Y-3, ワイスリー
3347,YAB-YUM , ヤブヤム
3348,YAECA , ヤエカ
3349,yage , ヤヘイ
3350,YAK PAK , ヤックパック
3351,YANKO , ヤンコ
3352,YANUK , ヤヌーク
3353,yaponskii , ヤポンスキー
3354,Yasue Carter , ヤスエカーター
3355,Yasuyuki Ishii , ヤスユキ・イシイ
3356,YEAH RIGHT! , イェーライト
3357,yellaw , イエロー
3358,YeLLOW CORN , イエローコーン
3359,YELLOW RUBY , イエロールビー
3360,YENJEANS , エンジーンズ
3361,YEMA ,?イエマ
3362,YEVS , イーブス
3363,YIN , イン
3364,YLANG YLANG , イランイラン
3365,ylicht , リヒト
3366,ylts , イルツ
3367,YMC , ワイエムシー
3368,Yoda Hidemi , ヨダ・ヒデミ
3369,YOICHI NAGASAWA , ヨウイチナガサワ
3370,YOKANG , ヨーカン
3371,YOKO D'OR , ヨーコ・ドール
3372,YONEX ,?ヨネックス
3373,YOSHiKO☆CREATiON PARiS , ヨシコクリエーションパリズ
3374,YOSHINORI KOTAKE , ヨシノリコタケ
3375,yoshio kubo , ヨシオクボ
3376,YOSHIYUKI KONISHI ,?ヨシユキ・コニシ
3377,YOHAN SERFATY , ヨハン・セルファティ（ヨハン・サファティ）
3378,Yohji Yamamoto ,?ヨウジ・ヤマモト
3379,Y's , ワイズ
3380,Yuge , ユージュ
3381,YUJI MIURA , ユージミウラ
3382,YUJI YAMADA , ユージヤマダ
3383,Yukiko Hanai ,?ユキコハナイ
3384,YUKI TORII INTERNATIONAL ,?ユキトリヰ・インターナショナル
3385,yuks , ユクス
3386,YUMA KOSHINO , ユマコシノ
3387,YUMI KATSURA ,?ユミ・カツラ
3388,YURULI , ユルリ
3389,Yves Saint Laurent ,?イヴ・サン＝ローラン
3390,Yves Saint Laurent rive gauche , イヴ・サンローラン・リヴゴーシュ
3391,Zac Posen , ザック・ポーゼン
3392,Zadig&Voltaire , ザディグエヴォルテール
3393,ZAKURA , ザクラ
3394,Zale , ゼール
3395,Zamani , ザマーニ
3396,zampa , ザンパ
3397,ZANELLATO , ザネラート
3398,ZANOBETTI , ザノベッティー
3399,ZANONE , ザノーネ
3400,ZARA ,?ザラ
3401,ZARZARROSA , サルサロッサ
3402,ZAZi , ザジ
3403,Z-BRAND , ジーブランド
3404,ZEMI LUXE , ゼミ・リュクス
3405,ZENITH ,?ゼニス
3406,ZEN（禅） , ゼン
3407,ZENO , ゼノ
3408,ZENO-WATCH ,?ゼノ・ウォッチ
3409,ZER , ゼットイーアール
3410,ZERO HALLIBURTON ,?ゼロハリバートン
3411,ZHEART , ゼハート
3412,ZICUE SELECT , ジクーセレクト
3413,ZIGSAW , ジグソー
3414,ZiL , ジル
3415,zinco , ジンコ
3416,ZIN KATO , ジンカトウ
3417,Zintala , ジンターラ
3418,ZIPPO ,?ジッポー
3419,ZOCALO , ソカロ
3420,ZODIAC , ゾディアック
3421,Zoff , ゾフ
3422,ZOO YORK , ズーヨーク
3423,ZOOL , ズール
3424,ZOPPINI , ゾッピーニ
3425,ZORAIDE , ゾライデ
3426,ZOY , ゾーイ
3427,ZUCCa , ズッカ
3428,ZulupaPUWA , ズルパプワ
3429,ZUNBANA , ズンバナ
3430,ZYGORD , ザイゴード